Workbook

Sheet DATA RAW
A1: CRO | B1: Wilayah | C1: Nama Kebun/PT HO | D1: NAME TAG KEBUN | E1: LUASAN | F1: Kebutuhan Tenaga Panen | G1: TK PANEN MEI | H1: TK PANEN JUNI | I1: TK PANEN JULI | J1: TK PANEN AGUSTUS | K1: TARGET TK PANEN JULI | L1: TARGET TK PANEN AGUSTUS
A2: CRO 1 | B2: Regional Aceh | C2: PT Bintang Permata Alue Waki | D2: PT-BPA-01 | E2: {=XLOOKUP(C2,'DATA TK PANEN'!D:D,'DATA TK PANEN'!H:H)} -> 69.57 | F2: =IFERROR(__xludf.DUMMYFUNCTION("XLOOKUP(C2, IMPORTRANGE(""https://docs.google.com/spreadsheets/d/1RJrFMGUC-XijmB6MWr0bUJNzuN7BM1j8R_D0vOt0s8I/edit?usp=sharing"", ""'Master Data TK V0.2 (AUTO)'!F6:F""), IMPORTRANGE(""https://docs.google.com/spreadsheets/d/1RJrFMGUC-XijmB6MWr0bUJNzuN7BM1j"&"8R_D0vOt0s8I/edit?usp=sharing"", ""'Master Data TK V0.2 (AUTO)'!S6:S""))"),"-") -> - | G2: =IFERROR(__xludf.DUMMYFUNCTION("XLOOKUP($C2, IMPORTRANGE(""https://docs.google.com/spreadsheets/d/1RJrFMGUC-XijmB6MWr0bUJNzuN7BM1j8R_D0vOt0s8I/edit?usp=sharing"", ""'Master Data TK V0.2 (AUTO)'!F6:F""), IMPORTRANGE(""https://docs.google.com/spreadsheets/d/1RJrFMGUC-XijmB6MWr0bUJNzuN7BM1"&"j8R_D0vOt0s8I/edit?usp=sharing"", ""'Master Data TK V0.2 (AUTO)'!T6:T""))"),"-") -> - | H2: =IFERROR(__xludf.DUMMYFUNCTION("XLOOKUP($C2, IMPORTRANGE(""https://docs.google.com/spreadsheets/d/1RJrFMGUC-XijmB6MWr0bUJNzuN7BM1j8R_D0vOt0s8I/edit?usp=sharing"", ""'Master Data TK V0.2 (AUTO)'!F6:F""), IMPORTRANGE(""https://docs.google.com/spreadsheets/d/1RJrFMGUC-XijmB6MWr0bUJNzuN7BM1"&"j8R_D0vOt0s8I/edit?usp=sharing"", ""'Master Data TK V0.2 (AUTO)'!V6:V""))"),"") | K2: =IFERROR(__xludf.DUMMYFUNCTION("XLOOKUP($C2, IMPORTRANGE(""https://docs.google.com/spreadsheets/d/1RJrFMGUC-XijmB6MWr0bUJNzuN7BM1j8R_D0vOt0s8I/edit?usp=sharing"", ""'Master Data TK V0.2 (AUTO)'!F6:F""), IMPORTRANGE(""https://docs.google.com/spreadsheets/d/1RJrFMGUC-XijmB6MWr0bUJNzuN7BM1"&"j8R_D0vOt0s8I/edit?usp=sharing"", ""'Master Data TK V0.2 (AUTO)'!W6:W""))"),0.0) -> 0 | L2: =IFERROR(__xludf.DUMMYFUNCTION("XLOOKUP($C2, IMPORTRANGE(""https://docs.google.com/spreadsheets/d/1RJrFMGUC-XijmB6MWr0bUJNzuN7BM1j8R_D0vOt0s8I/edit?usp=sharing"", ""'Master Data TK V0.2 (AUTO)'!F6:F""), IMPORTRANGE(""https://docs.google.com/spreadsheets/d/1RJrFMGUC-XijmB6MWr0bUJNzuN7BM1"&"j8R_D0vOt0s8I/edit?usp=sharing"", ""'Master Data TK V0.2 (AUTO)'!X6:X""))"),0.0) -> 0
A3: CRO 1 | B3: Regional Aceh | C3: PT Dharmasawita Nusantara | D3: PT-DNH-01 | E3: {=XLOOKUP(C3,'DATA TK PANEN'!D:D,'DATA TK PANEN'!H:H)} -> 22 | F3: =IFERROR(__xludf.DUMMYFUNCTION("XLOOKUP(C3, IMPORTRANGE(""https://docs.google.com/spreadsheets/d/1RJrFMGUC-XijmB6MWr0bUJNzuN7BM1j8R_D0vOt0s8I/edit?usp=sharing"", ""'Master Data TK V0.2 (AUTO)'!F6:F""), IMPORTRANGE(""https://docs.google.com/spreadsheets/d/1RJrFMGUC-XijmB6MWr0bUJNzuN7BM1j"&"8R_D0vOt0s8I/edit?usp=sharing"", ""'Master Data TK V0.2 (AUTO)'!S6:S""))"),"-") -> - | G3: =IFERROR(__xludf.DUMMYFUNCTION("XLOOKUP($C3, IMPORTRANGE(""https://docs.google.com/spreadsheets/d/1RJrFMGUC-XijmB6MWr0bUJNzuN7BM1j8R_D0vOt0s8I/edit?usp=sharing"", ""'Master Data TK V0.2 (AUTO)'!F6:F""), IMPORTRANGE(""https://docs.google.com/spreadsheets/d/1RJrFMGUC-XijmB6MWr0bUJNzuN7BM1"&"j8R_D0vOt0s8I/edit?usp=sharing"", ""'Master Data TK V0.2 (AUTO)'!T6:T""))"),"-") -> - | H3: =IFERROR(__xludf.DUMMYFUNCTION("XLOOKUP($C3, IMPORTRANGE(""https://docs.google.com/spreadsheets/d/1RJrFMGUC-XijmB6MWr0bUJNzuN7BM1j8R_D0vOt0s8I/edit?usp=sharing"", ""'Master Data TK V0.2 (AUTO)'!F6:F""), IMPORTRANGE(""https://docs.google.com/spreadsheets/d/1RJrFMGUC-XijmB6MWr0bUJNzuN7BM1"&"j8R_D0vOt0s8I/edit?usp=sharing"", ""'Master Data TK V0.2 (AUTO)'!V6:V""))"),"") | K3: =IFERROR(__xludf.DUMMYFUNCTION("XLOOKUP($C3, IMPORTRANGE(""https://docs.google.com/spreadsheets/d/1RJrFMGUC-XijmB6MWr0bUJNzuN7BM1j8R_D0vOt0s8I/edit?usp=sharing"", ""'Master Data TK V0.2 (AUTO)'!F6:F""), IMPORTRANGE(""https://docs.google.com/spreadsheets/d/1RJrFMGUC-XijmB6MWr0bUJNzuN7BM1"&"j8R_D0vOt0s8I/edit?usp=sharing"", ""'Master Data TK V0.2 (AUTO)'!W6:W""))"),0.0) -> 0 | L3: =IFERROR(__xludf.DUMMYFUNCTION("XLOOKUP($C3, IMPORTRANGE(""https://docs.google.com/spreadsheets/d/1RJrFMGUC-XijmB6MWr0bUJNzuN7BM1j8R_D0vOt0s8I/edit?usp=sharing"", ""'Master Data TK V0.2 (AUTO)'!F6:F""), IMPORTRANGE(""https://docs.google.com/spreadsheets/d/1RJrFMGUC-XijmB6MWr0bUJNzuN7BM1"&"j8R_D0vOt0s8I/edit?usp=sharing"", ""'Master Data TK V0.2 (AUTO)'!X6:X""))"),0.0) -> 0
A4: CRO 1 | B4: Regional Aceh | C4: PT Global Sawit Semesta | D4: PT-GSS-01 | E4: {=XLOOKUP(C4,'DATA TK PANEN'!D:D,'DATA TK PANEN'!H:H)} -> 346.2 | F4: =IFERROR(__xludf.DUMMYFUNCTION("XLOOKUP(C4, IMPORTRANGE(""https://docs.google.com/spreadsheets/d/1RJrFMGUC-XijmB6MWr0bUJNzuN7BM1j8R_D0vOt0s8I/edit?usp=sharing"", ""'Master Data TK V0.2 (AUTO)'!F6:F""), IMPORTRANGE(""https://docs.google.com/spreadsheets/d/1RJrFMGUC-XijmB6MWr0bUJNzuN7BM1j"&"8R_D0vOt0s8I/edit?usp=sharing"", ""'Master Data TK V0.2 (AUTO)'!S6:S""))"),"-") -> - | G4: =IFERROR(__xludf.DUMMYFUNCTION("XLOOKUP($C4, IMPORTRANGE(""https://docs.google.com/spreadsheets/d/1RJrFMGUC-XijmB6MWr0bUJNzuN7BM1j8R_D0vOt0s8I/edit?usp=sharing"", ""'Master Data TK V0.2 (AUTO)'!F6:F""), IMPORTRANGE(""https://docs.google.com/spreadsheets/d/1RJrFMGUC-XijmB6MWr0bUJNzuN7BM1"&"j8R_D0vOt0s8I/edit?usp=sharing"", ""'Master Data TK V0.2 (AUTO)'!T6:T""))"),"-") -> - | H4: =IFERROR(__xludf.DUMMYFUNCTION("XLOOKUP($C4, IMPORTRANGE(""https://docs.google.com/spreadsheets/d/1RJrFMGUC-XijmB6MWr0bUJNzuN7BM1j8R_D0vOt0s8I/edit?usp=sharing"", ""'Master Data TK V0.2 (AUTO)'!F6:F""), IMPORTRANGE(""https://docs.google.com/spreadsheets/d/1RJrFMGUC-XijmB6MWr0bUJNzuN7BM1"&"j8R_D0vOt0s8I/edit?usp=sharing"", ""'Master Data TK V0.2 (AUTO)'!V6:V""))"),"") | K4: =IFERROR(__xludf.DUMMYFUNCTION("XLOOKUP($C4, IMPORTRANGE(""https://docs.google.com/spreadsheets/d/1RJrFMGUC-XijmB6MWr0bUJNzuN7BM1j8R_D0vOt0s8I/edit?usp=sharing"", ""'Master Data TK V0.2 (AUTO)'!F6:F""), IMPORTRANGE(""https://docs.google.com/spreadsheets/d/1RJrFMGUC-XijmB6MWr0bUJNzuN7BM1"&"j8R_D0vOt0s8I/edit?usp=sharing"", ""'Master Data TK V0.2 (AUTO)'!W6:W""))"),0.0) -> 0 | L4: =IFERROR(__xludf.DUMMYFUNCTION("XLOOKUP($C4, IMPORTRANGE(""https://docs.google.com/spreadsheets/d/1RJrFMGUC-XijmB6MWr0bUJNzuN7BM1j8R_D0vOt0s8I/edit?usp=sharing"", ""'Master Data TK V0.2 (AUTO)'!F6:F""), IMPORTRANGE(""https://docs.google.com/spreadsheets/d/1RJrFMGUC-XijmB6MWr0bUJNzuN7BM1"&"j8R_D0vOt0s8I/edit?usp=sharing"", ""'Master Data TK V0.2 (AUTO)'!X6:X""))"),0.0) -> 0
A5: CRO 1 | B5: Regional Aceh | C5: PT Mestika Prima Lestari Indah | D5: PT-MPL-02 | E5: {=XLOOKUP(C5,'DATA TK PANEN'!D:D,'DATA TK PANEN'!H:H)} -> 77.89 | F5: =IFERROR(__xludf.DUMMYFUNCTION("XLOOKUP(C5, IMPORTRANGE(""https://docs.google.com/spreadsheets/d/1RJrFMGUC-XijmB6MWr0bUJNzuN7BM1j8R_D0vOt0s8I/edit?usp=sharing"", ""'Master Data TK V0.2 (AUTO)'!F6:F""), IMPORTRANGE(""https://docs.google.com/spreadsheets/d/1RJrFMGUC-XijmB6MWr0bUJNzuN7BM1j"&"8R_D0vOt0s8I/edit?usp=sharing"", ""'Master Data TK V0.2 (AUTO)'!S6:S""))"),5.0) -> 5 | G5: =IFERROR(__xludf.DUMMYFUNCTION("XLOOKUP($C5, IMPORTRANGE(""https://docs.google.com/spreadsheets/d/1RJrFMGUC-XijmB6MWr0bUJNzuN7BM1j8R_D0vOt0s8I/edit?usp=sharing"", ""'Master Data TK V0.2 (AUTO)'!F6:F""), IMPORTRANGE(""https://docs.google.com/spreadsheets/d/1RJrFMGUC-XijmB6MWr0bUJNzuN7BM1"&"j8R_D0vOt0s8I/edit?usp=sharing"", ""'Master Data TK V0.2 (AUTO)'!T6:T""))"),5.0) -> 5 | H5: =IFERROR(__xludf.DUMMYFUNCTION("XLOOKUP($C5, IMPORTRANGE(""https://docs.google.com/spreadsheets/d/1RJrFMGUC-XijmB6MWr0bUJNzuN7BM1j8R_D0vOt0s8I/edit?usp=sharing"", ""'Master Data TK V0.2 (AUTO)'!F6:F""), IMPORTRANGE(""https://docs.google.com/spreadsheets/d/1RJrFMGUC-XijmB6MWr0bUJNzuN7BM1"&"j8R_D0vOt0s8I/edit?usp=sharing"", ""'Master Data TK V0.2 (AUTO)'!V6:V""))"),5.0) -> 5 | K5: =IFERROR(__xludf.DUMMYFUNCTION("XLOOKUP($C5, IMPORTRANGE(""https://docs.google.com/spreadsheets/d/1RJrFMGUC-XijmB6MWr0bUJNzuN7BM1j8R_D0vOt0s8I/edit?usp=sharing"", ""'Master Data TK V0.2 (AUTO)'!F6:F""), IMPORTRANGE(""https://docs.google.com/spreadsheets/d/1RJrFMGUC-XijmB6MWr0bUJNzuN7BM1"&"j8R_D0vOt0s8I/edit?usp=sharing"", ""'Master Data TK V0.2 (AUTO)'!W6:W""))"),0.0) -> 0 | L5: =IFERROR(__xludf.DUMMYFUNCTION("XLOOKUP($C5, IMPORTRANGE(""https://docs.google.com/spreadsheets/d/1RJrFMGUC-XijmB6MWr0bUJNzuN7BM1j8R_D0vOt0s8I/edit?usp=sharing"", ""'Master Data TK V0.2 (AUTO)'!F6:F""), IMPORTRANGE(""https://docs.google.com/spreadsheets/d/1RJrFMGUC-XijmB6MWr0bUJNzuN7BM1"&"j8R_D0vOt0s8I/edit?usp=sharing"", ""'Master Data TK V0.2 (AUTO)'!X6:X""))"),0.0) -> 0
A6: CRO 1 | B6: Regional Aceh | C6: PT Perkebunan Dan Pertanian Sumber Asih | D6: PT-PDP-01 | E6: {=XLOOKUP(C6,'DATA TK PANEN'!D:D,'DATA TK PANEN'!H:H)} -> 155.07 | F6: =IFERROR(__xludf.DUMMYFUNCTION("XLOOKUP(C6, IMPORTRANGE(""https://docs.google.com/spreadsheets/d/1RJrFMGUC-XijmB6MWr0bUJNzuN7BM1j8R_D0vOt0s8I/edit?usp=sharing"", ""'Master Data TK V0.2 (AUTO)'!F6:F""), IMPORTRANGE(""https://docs.google.com/spreadsheets/d/1RJrFMGUC-XijmB6MWr0bUJNzuN7BM1j"&"8R_D0vOt0s8I/edit?usp=sharing"", ""'Master Data TK V0.2 (AUTO)'!S6:S""))"),9.0) -> 9 | G6: =IFERROR(__xludf.DUMMYFUNCTION("XLOOKUP($C6, IMPORTRANGE(""https://docs.google.com/spreadsheets/d/1RJrFMGUC-XijmB6MWr0bUJNzuN7BM1j8R_D0vOt0s8I/edit?usp=sharing"", ""'Master Data TK V0.2 (AUTO)'!F6:F""), IMPORTRANGE(""https://docs.google.com/spreadsheets/d/1RJrFMGUC-XijmB6MWr0bUJNzuN7BM1"&"j8R_D0vOt0s8I/edit?usp=sharing"", ""'Master Data TK V0.2 (AUTO)'!T6:T""))"),7.0) -> 7 | H6: =IFERROR(__xludf.DUMMYFUNCTION("XLOOKUP($C6, IMPORTRANGE(""https://docs.google.com/spreadsheets/d/1RJrFMGUC-XijmB6MWr0bUJNzuN7BM1j8R_D0vOt0s8I/edit?usp=sharing"", ""'Master Data TK V0.2 (AUTO)'!F6:F""), IMPORTRANGE(""https://docs.google.com/spreadsheets/d/1RJrFMGUC-XijmB6MWr0bUJNzuN7BM1"&"j8R_D0vOt0s8I/edit?usp=sharing"", ""'Master Data TK V0.2 (AUTO)'!V6:V""))"),8.0) -> 8 | K6: =IFERROR(__xludf.DUMMYFUNCTION("XLOOKUP($C6, IMPORTRANGE(""https://docs.google.com/spreadsheets/d/1RJrFMGUC-XijmB6MWr0bUJNzuN7BM1j8R_D0vOt0s8I/edit?usp=sharing"", ""'Master Data TK V0.2 (AUTO)'!F6:F""), IMPORTRANGE(""https://docs.google.com/spreadsheets/d/1RJrFMGUC-XijmB6MWr0bUJNzuN7BM1"&"j8R_D0vOt0s8I/edit?usp=sharing"", ""'Master Data TK V0.2 (AUTO)'!W6:W""))"),1.0) -> 1 | L6: =IFERROR(__xludf.DUMMYFUNCTION("XLOOKUP($C6, IMPORTRANGE(""https://docs.google.com/spreadsheets/d/1RJrFMGUC-XijmB6MWr0bUJNzuN7BM1j8R_D0vOt0s8I/edit?usp=sharing"", ""'Master Data TK V0.2 (AUTO)'!F6:F""), IMPORTRANGE(""https://docs.google.com/spreadsheets/d/1RJrFMGUC-XijmB6MWr0bUJNzuN7BM1"&"j8R_D0vOt0s8I/edit?usp=sharing"", ""'Master Data TK V0.2 (AUTO)'!X6:X""))"),0.0) -> 0
A7: CRO 1 | B7: Regional Aceh | C7: PT Sisirau | D7: PT-SIS-02 | E7: {=XLOOKUP(C7,'DATA TK PANEN'!D:D,'DATA TK PANEN'!H:H)} -> 60.54 | F7: =IFERROR(__xludf.DUMMYFUNCTION("XLOOKUP(C7, IMPORTRANGE(""https://docs.google.com/spreadsheets/d/1RJrFMGUC-XijmB6MWr0bUJNzuN7BM1j8R_D0vOt0s8I/edit?usp=sharing"", ""'Master Data TK V0.2 (AUTO)'!F6:F""), IMPORTRANGE(""https://docs.google.com/spreadsheets/d/1RJrFMGUC-XijmB6MWr0bUJNzuN7BM1j"&"8R_D0vOt0s8I/edit?usp=sharing"", ""'Master Data TK V0.2 (AUTO)'!S6:S""))"),"-") -> - | G7: =IFERROR(__xludf.DUMMYFUNCTION("XLOOKUP($C7, IMPORTRANGE(""https://docs.google.com/spreadsheets/d/1RJrFMGUC-XijmB6MWr0bUJNzuN7BM1j8R_D0vOt0s8I/edit?usp=sharing"", ""'Master Data TK V0.2 (AUTO)'!F6:F""), IMPORTRANGE(""https://docs.google.com/spreadsheets/d/1RJrFMGUC-XijmB6MWr0bUJNzuN7BM1"&"j8R_D0vOt0s8I/edit?usp=sharing"", ""'Master Data TK V0.2 (AUTO)'!T6:T""))"),"-") -> - | H7: =IFERROR(__xludf.DUMMYFUNCTION("XLOOKUP($C7, IMPORTRANGE(""https://docs.google.com/spreadsheets/d/1RJrFMGUC-XijmB6MWr0bUJNzuN7BM1j8R_D0vOt0s8I/edit?usp=sharing"", ""'Master Data TK V0.2 (AUTO)'!F6:F""), IMPORTRANGE(""https://docs.google.com/spreadsheets/d/1RJrFMGUC-XijmB6MWr0bUJNzuN7BM1"&"j8R_D0vOt0s8I/edit?usp=sharing"", ""'Master Data TK V0.2 (AUTO)'!V6:V""))"),"") | K7: =IFERROR(__xludf.DUMMYFUNCTION("XLOOKUP($C7, IMPORTRANGE(""https://docs.google.com/spreadsheets/d/1RJrFMGUC-XijmB6MWr0bUJNzuN7BM1j8R_D0vOt0s8I/edit?usp=sharing"", ""'Master Data TK V0.2 (AUTO)'!F6:F""), IMPORTRANGE(""https://docs.google.com/spreadsheets/d/1RJrFMGUC-XijmB6MWr0bUJNzuN7BM1"&"j8R_D0vOt0s8I/edit?usp=sharing"", ""'Master Data TK V0.2 (AUTO)'!W6:W""))"),0.0) -> 0 | L7: =IFERROR(__xludf.DUMMYFUNCTION("XLOOKUP($C7, IMPORTRANGE(""https://docs.google.com/spreadsheets/d/1RJrFMGUC-XijmB6MWr0bUJNzuN7BM1j8R_D0vOt0s8I/edit?usp=sharing"", ""'Master Data TK V0.2 (AUTO)'!F6:F""), IMPORTRANGE(""https://docs.google.com/spreadsheets/d/1RJrFMGUC-XijmB6MWr0bUJNzuN7BM1"&"j8R_D0vOt0s8I/edit?usp=sharing"", ""'Master Data TK V0.2 (AUTO)'!X6:X""))"),0.0) -> 0
A8: CRO 1 | B8: Regional Aceh | C8: PT Teunggulon Raya | D8: PT-TRE-01 | E8: {=XLOOKUP(C8,'DATA TK PANEN'!D:D,'DATA TK PANEN'!H:H)} -> 15.51 | F8: =IFERROR(__xludf.DUMMYFUNCTION("XLOOKUP(C8, IMPORTRANGE(""https://docs.google.com/spreadsheets/d/1RJrFMGUC-XijmB6MWr0bUJNzuN7BM1j8R_D0vOt0s8I/edit?usp=sharing"", ""'Master Data TK V0.2 (AUTO)'!F6:F""), IMPORTRANGE(""https://docs.google.com/spreadsheets/d/1RJrFMGUC-XijmB6MWr0bUJNzuN7BM1j"&"8R_D0vOt0s8I/edit?usp=sharing"", ""'Master Data TK V0.2 (AUTO)'!S6:S""))"),"-") -> - | G8: =IFERROR(__xludf.DUMMYFUNCTION("XLOOKUP($C8, IMPORTRANGE(""https://docs.google.com/spreadsheets/d/1RJrFMGUC-XijmB6MWr0bUJNzuN7BM1j8R_D0vOt0s8I/edit?usp=sharing"", ""'Master Data TK V0.2 (AUTO)'!F6:F""), IMPORTRANGE(""https://docs.google.com/spreadsheets/d/1RJrFMGUC-XijmB6MWr0bUJNzuN7BM1"&"j8R_D0vOt0s8I/edit?usp=sharing"", ""'Master Data TK V0.2 (AUTO)'!T6:T""))"),"-") -> - | H8: =IFERROR(__xludf.DUMMYFUNCTION("XLOOKUP($C8, IMPORTRANGE(""https://docs.google.com/spreadsheets/d/1RJrFMGUC-XijmB6MWr0bUJNzuN7BM1j8R_D0vOt0s8I/edit?usp=sharing"", ""'Master Data TK V0.2 (AUTO)'!F6:F""), IMPORTRANGE(""https://docs.google.com/spreadsheets/d/1RJrFMGUC-XijmB6MWr0bUJNzuN7BM1"&"j8R_D0vOt0s8I/edit?usp=sharing"", ""'Master Data TK V0.2 (AUTO)'!V6:V""))"),"") | K8: =IFERROR(__xludf.DUMMYFUNCTION("XLOOKUP($C8, IMPORTRANGE(""https://docs.google.com/spreadsheets/d/1RJrFMGUC-XijmB6MWr0bUJNzuN7BM1j8R_D0vOt0s8I/edit?usp=sharing"", ""'Master Data TK V0.2 (AUTO)'!F6:F""), IMPORTRANGE(""https://docs.google.com/spreadsheets/d/1RJrFMGUC-XijmB6MWr0bUJNzuN7BM1"&"j8R_D0vOt0s8I/edit?usp=sharing"", ""'Master Data TK V0.2 (AUTO)'!W6:W""))"),0.0) -> 0 | L8: =IFERROR(__xludf.DUMMYFUNCTION("XLOOKUP($C8, IMPORTRANGE(""https://docs.google.com/spreadsheets/d/1RJrFMGUC-XijmB6MWr0bUJNzuN7BM1j8R_D0vOt0s8I/edit?usp=sharing"", ""'Master Data TK V0.2 (AUTO)'!F6:F""), IMPORTRANGE(""https://docs.google.com/spreadsheets/d/1RJrFMGUC-XijmB6MWr0bUJNzuN7BM1"&"j8R_D0vOt0s8I/edit?usp=sharing"", ""'Master Data TK V0.2 (AUTO)'!X6:X""))"),0.0) -> 0
A9: CRO 1 | B9: Regional Aceh | C9: PT Watu Gede Utama | D9: PT-WGU-01 | E9: {=XLOOKUP(C9,'DATA TK PANEN'!D:D,'DATA TK PANEN'!H:H)} -> 510.39 | F9: =IFERROR(__xludf.DUMMYFUNCTION("XLOOKUP(C9, IMPORTRANGE(""https://docs.google.com/spreadsheets/d/1RJrFMGUC-XijmB6MWr0bUJNzuN7BM1j8R_D0vOt0s8I/edit?usp=sharing"", ""'Master Data TK V0.2 (AUTO)'!F6:F""), IMPORTRANGE(""https://docs.google.com/spreadsheets/d/1RJrFMGUC-XijmB6MWr0bUJNzuN7BM1j"&"8R_D0vOt0s8I/edit?usp=sharing"", ""'Master Data TK V0.2 (AUTO)'!S6:S""))"),"-") -> - | G9: =IFERROR(__xludf.DUMMYFUNCTION("XLOOKUP($C9, IMPORTRANGE(""https://docs.google.com/spreadsheets/d/1RJrFMGUC-XijmB6MWr0bUJNzuN7BM1j8R_D0vOt0s8I/edit?usp=sharing"", ""'Master Data TK V0.2 (AUTO)'!F6:F""), IMPORTRANGE(""https://docs.google.com/spreadsheets/d/1RJrFMGUC-XijmB6MWr0bUJNzuN7BM1"&"j8R_D0vOt0s8I/edit?usp=sharing"", ""'Master Data TK V0.2 (AUTO)'!T6:T""))"),"-") -> - | H9: =IFERROR(__xludf.DUMMYFUNCTION("XLOOKUP($C9, IMPORTRANGE(""https://docs.google.com/spreadsheets/d/1RJrFMGUC-XijmB6MWr0bUJNzuN7BM1j8R_D0vOt0s8I/edit?usp=sharing"", ""'Master Data TK V0.2 (AUTO)'!F6:F""), IMPORTRANGE(""https://docs.google.com/spreadsheets/d/1RJrFMGUC-XijmB6MWr0bUJNzuN7BM1"&"j8R_D0vOt0s8I/edit?usp=sharing"", ""'Master Data TK V0.2 (AUTO)'!V6:V""))"),"") | K9: =IFERROR(__xludf.DUMMYFUNCTION("XLOOKUP($C9, IMPORTRANGE(""https://docs.google.com/spreadsheets/d/1RJrFMGUC-XijmB6MWr0bUJNzuN7BM1j8R_D0vOt0s8I/edit?usp=sharing"", ""'Master Data TK V0.2 (AUTO)'!F6:F""), IMPORTRANGE(""https://docs.google.com/spreadsheets/d/1RJrFMGUC-XijmB6MWr0bUJNzuN7BM1"&"j8R_D0vOt0s8I/edit?usp=sharing"", ""'Master Data TK V0.2 (AUTO)'!W6:W""))"),0.0) -> 0 | L9: =IFERROR(__xludf.DUMMYFUNCTION("XLOOKUP($C9, IMPORTRANGE(""https://docs.google.com/spreadsheets/d/1RJrFMGUC-XijmB6MWr0bUJNzuN7BM1j8R_D0vOt0s8I/edit?usp=sharing"", ""'Master Data TK V0.2 (AUTO)'!F6:F""), IMPORTRANGE(""https://docs.google.com/spreadsheets/d/1RJrFMGUC-XijmB6MWr0bUJNzuN7BM1"&"j8R_D0vOt0s8I/edit?usp=sharing"", ""'Master Data TK V0.2 (AUTO)'!X6:X""))"),0.0) -> 0
A10: CRO 1 | B10: Regional Sumut 1 | C10: Kelompok Tani Mahoni Rimbun | D10: KT-MRA-01 | E10: {=XLOOKUP(C10,'DATA TK PANEN'!D:D,'DATA TK PANEN'!H:H)} -> Tidak Ditemukan | F10: =IFERROR(__xludf.DUMMYFUNCTION("XLOOKUP(C10, IMPORTRANGE(""https://docs.google.com/spreadsheets/d/1RJrFMGUC-XijmB6MWr0bUJNzuN7BM1j8R_D0vOt0s8I/edit?usp=sharing"", ""'Master Data TK V0.2 (AUTO)'!F6:F""), IMPORTRANGE(""https://docs.google.com/spreadsheets/d/1RJrFMGUC-XijmB6MWr0bUJNzuN7BM1"&"j8R_D0vOt0s8I/edit?usp=sharing"", ""'Master Data TK V0.2 (AUTO)'!S6:S""))"),"-") -> - | G10: =IFERROR(__xludf.DUMMYFUNCTION("XLOOKUP($C10, IMPORTRANGE(""https://docs.google.com/spreadsheets/d/1RJrFMGUC-XijmB6MWr0bUJNzuN7BM1j8R_D0vOt0s8I/edit?usp=sharing"", ""'Master Data TK V0.2 (AUTO)'!F6:F""), IMPORTRANGE(""https://docs.google.com/spreadsheets/d/1RJrFMGUC-XijmB6MWr0bUJNzuN7BM"&"1j8R_D0vOt0s8I/edit?usp=sharing"", ""'Master Data TK V0.2 (AUTO)'!T6:T""))"),"-") -> - | H10: =IFERROR(__xludf.DUMMYFUNCTION("XLOOKUP($C10, IMPORTRANGE(""https://docs.google.com/spreadsheets/d/1RJrFMGUC-XijmB6MWr0bUJNzuN7BM1j8R_D0vOt0s8I/edit?usp=sharing"", ""'Master Data TK V0.2 (AUTO)'!F6:F""), IMPORTRANGE(""https://docs.google.com/spreadsheets/d/1RJrFMGUC-XijmB6MWr0bUJNzuN7BM"&"1j8R_D0vOt0s8I/edit?usp=sharing"", ""'Master Data TK V0.2 (AUTO)'!V6:V""))"),"") | K10: =IFERROR(__xludf.DUMMYFUNCTION("XLOOKUP($C10, IMPORTRANGE(""https://docs.google.com/spreadsheets/d/1RJrFMGUC-XijmB6MWr0bUJNzuN7BM1j8R_D0vOt0s8I/edit?usp=sharing"", ""'Master Data TK V0.2 (AUTO)'!F6:F""), IMPORTRANGE(""https://docs.google.com/spreadsheets/d/1RJrFMGUC-XijmB6MWr0bUJNzuN7BM"&"1j8R_D0vOt0s8I/edit?usp=sharing"", ""'Master Data TK V0.2 (AUTO)'!W6:W""))"),"") | L10: =IFERROR(__xludf.DUMMYFUNCTION("XLOOKUP($C10, IMPORTRANGE(""https://docs.google.com/spreadsheets/d/1RJrFMGUC-XijmB6MWr0bUJNzuN7BM1j8R_D0vOt0s8I/edit?usp=sharing"", ""'Master Data TK V0.2 (AUTO)'!F6:F""), IMPORTRANGE(""https://docs.google.com/spreadsheets/d/1RJrFMGUC-XijmB6MWr0bUJNzuN7BM"&"1j8R_D0vOt0s8I/edit?usp=sharing"", ""'Master Data TK V0.2 (AUTO)'!X6:X""))"),"")
A11: CRO 1 | B11: Regional Sumut 1 | C11: Koperasi Produsen Maju Bersama | D11: KP-PMB-01 | E11: {=XLOOKUP(C11,'DATA TK PANEN'!D:D,'DATA TK PANEN'!H:H)} -> 786 | F11: =IFERROR(__xludf.DUMMYFUNCTION("XLOOKUP(C11, IMPORTRANGE(""https://docs.google.com/spreadsheets/d/1RJrFMGUC-XijmB6MWr0bUJNzuN7BM1j8R_D0vOt0s8I/edit?usp=sharing"", ""'Master Data TK V0.2 (AUTO)'!F6:F""), IMPORTRANGE(""https://docs.google.com/spreadsheets/d/1RJrFMGUC-XijmB6MWr0bUJNzuN7BM1"&"j8R_D0vOt0s8I/edit?usp=sharing"", ""'Master Data TK V0.2 (AUTO)'!S6:S""))"),16.0) -> 16 | G11: =IFERROR(__xludf.DUMMYFUNCTION("XLOOKUP($C11, IMPORTRANGE(""https://docs.google.com/spreadsheets/d/1RJrFMGUC-XijmB6MWr0bUJNzuN7BM1j8R_D0vOt0s8I/edit?usp=sharing"", ""'Master Data TK V0.2 (AUTO)'!F6:F""), IMPORTRANGE(""https://docs.google.com/spreadsheets/d/1RJrFMGUC-XijmB6MWr0bUJNzuN7BM"&"1j8R_D0vOt0s8I/edit?usp=sharing"", ""'Master Data TK V0.2 (AUTO)'!T6:T""))"),16.0) -> 16 | H11: =IFERROR(__xludf.DUMMYFUNCTION("XLOOKUP($C11, IMPORTRANGE(""https://docs.google.com/spreadsheets/d/1RJrFMGUC-XijmB6MWr0bUJNzuN7BM1j8R_D0vOt0s8I/edit?usp=sharing"", ""'Master Data TK V0.2 (AUTO)'!F6:F""), IMPORTRANGE(""https://docs.google.com/spreadsheets/d/1RJrFMGUC-XijmB6MWr0bUJNzuN7BM"&"1j8R_D0vOt0s8I/edit?usp=sharing"", ""'Master Data TK V0.2 (AUTO)'!V6:V""))"),16.0) -> 16 | K11: =IFERROR(__xludf.DUMMYFUNCTION("XLOOKUP($C11, IMPORTRANGE(""https://docs.google.com/spreadsheets/d/1RJrFMGUC-XijmB6MWr0bUJNzuN7BM1j8R_D0vOt0s8I/edit?usp=sharing"", ""'Master Data TK V0.2 (AUTO)'!F6:F""), IMPORTRANGE(""https://docs.google.com/spreadsheets/d/1RJrFMGUC-XijmB6MWr0bUJNzuN7BM"&"1j8R_D0vOt0s8I/edit?usp=sharing"", ""'Master Data TK V0.2 (AUTO)'!W6:W""))"),0.0) -> 0 | L11: =IFERROR(__xludf.DUMMYFUNCTION("XLOOKUP($C11, IMPORTRANGE(""https://docs.google.com/spreadsheets/d/1RJrFMGUC-XijmB6MWr0bUJNzuN7BM1j8R_D0vOt0s8I/edit?usp=sharing"", ""'Master Data TK V0.2 (AUTO)'!F6:F""), IMPORTRANGE(""https://docs.google.com/spreadsheets/d/1RJrFMGUC-XijmB6MWr0bUJNzuN7BM"&"1j8R_D0vOt0s8I/edit?usp=sharing"", ""'Master Data TK V0.2 (AUTO)'!X6:X""))"),0.0) -> 0
A12: CRO 1 | B12: Regional Sumut 1 | C12: PT Abdi Budi Mulia | D12: PT-ABM-01 | E12: {=XLOOKUP(C12,'DATA TK PANEN'!D:D,'DATA TK PANEN'!H:H)} -> Tidak Ditemukan | F12: =IFERROR(__xludf.DUMMYFUNCTION("XLOOKUP(C12, IMPORTRANGE(""https://docs.google.com/spreadsheets/d/1RJrFMGUC-XijmB6MWr0bUJNzuN7BM1j8R_D0vOt0s8I/edit?usp=sharing"", ""'Master Data TK V0.2 (AUTO)'!F6:F""), IMPORTRANGE(""https://docs.google.com/spreadsheets/d/1RJrFMGUC-XijmB6MWr0bUJNzuN7BM1"&"j8R_D0vOt0s8I/edit?usp=sharing"", ""'Master Data TK V0.2 (AUTO)'!S6:S""))"),"-") -> - | G12: =IFERROR(__xludf.DUMMYFUNCTION("XLOOKUP($C12, IMPORTRANGE(""https://docs.google.com/spreadsheets/d/1RJrFMGUC-XijmB6MWr0bUJNzuN7BM1j8R_D0vOt0s8I/edit?usp=sharing"", ""'Master Data TK V0.2 (AUTO)'!F6:F""), IMPORTRANGE(""https://docs.google.com/spreadsheets/d/1RJrFMGUC-XijmB6MWr0bUJNzuN7BM"&"1j8R_D0vOt0s8I/edit?usp=sharing"", ""'Master Data TK V0.2 (AUTO)'!T6:T""))"),"-") -> - | H12: =IFERROR(__xludf.DUMMYFUNCTION("XLOOKUP($C12, IMPORTRANGE(""https://docs.google.com/spreadsheets/d/1RJrFMGUC-XijmB6MWr0bUJNzuN7BM1j8R_D0vOt0s8I/edit?usp=sharing"", ""'Master Data TK V0.2 (AUTO)'!F6:F""), IMPORTRANGE(""https://docs.google.com/spreadsheets/d/1RJrFMGUC-XijmB6MWr0bUJNzuN7BM"&"1j8R_D0vOt0s8I/edit?usp=sharing"", ""'Master Data TK V0.2 (AUTO)'!V6:V""))"),"") | K12: =IFERROR(__xludf.DUMMYFUNCTION("XLOOKUP($C12, IMPORTRANGE(""https://docs.google.com/spreadsheets/d/1RJrFMGUC-XijmB6MWr0bUJNzuN7BM1j8R_D0vOt0s8I/edit?usp=sharing"", ""'Master Data TK V0.2 (AUTO)'!F6:F""), IMPORTRANGE(""https://docs.google.com/spreadsheets/d/1RJrFMGUC-XijmB6MWr0bUJNzuN7BM"&"1j8R_D0vOt0s8I/edit?usp=sharing"", ""'Master Data TK V0.2 (AUTO)'!W6:W""))"),"") | L12: =IFERROR(__xludf.DUMMYFUNCTION("XLOOKUP($C12, IMPORTRANGE(""https://docs.google.com/spreadsheets/d/1RJrFMGUC-XijmB6MWr0bUJNzuN7BM1j8R_D0vOt0s8I/edit?usp=sharing"", ""'Master Data TK V0.2 (AUTO)'!F6:F""), IMPORTRANGE(""https://docs.google.com/spreadsheets/d/1RJrFMGUC-XijmB6MWr0bUJNzuN7BM"&"1j8R_D0vOt0s8I/edit?usp=sharing"", ""'Master Data TK V0.2 (AUTO)'!X6:X""))"),"")
A13: CRO 1 | B13: Regional Sumut 1 | C13: PT Andalas Intiagro Lestari | D13: PT-AIL-01 | E13: {=XLOOKUP(C13,'DATA TK PANEN'!D:D,'DATA TK PANEN'!H:H)} -> 1.59 | F13: =IFERROR(__xludf.DUMMYFUNCTION("XLOOKUP(C13, IMPORTRANGE(""https://docs.google.com/spreadsheets/d/1RJrFMGUC-XijmB6MWr0bUJNzuN7BM1j8R_D0vOt0s8I/edit?usp=sharing"", ""'Master Data TK V0.2 (AUTO)'!F6:F""), IMPORTRANGE(""https://docs.google.com/spreadsheets/d/1RJrFMGUC-XijmB6MWr0bUJNzuN7BM1"&"j8R_D0vOt0s8I/edit?usp=sharing"", ""'Master Data TK V0.2 (AUTO)'!S6:S""))"),1.0) -> 1 | G13: =IFERROR(__xludf.DUMMYFUNCTION("XLOOKUP($C13, IMPORTRANGE(""https://docs.google.com/spreadsheets/d/1RJrFMGUC-XijmB6MWr0bUJNzuN7BM1j8R_D0vOt0s8I/edit?usp=sharing"", ""'Master Data TK V0.2 (AUTO)'!F6:F""), IMPORTRANGE(""https://docs.google.com/spreadsheets/d/1RJrFMGUC-XijmB6MWr0bUJNzuN7BM"&"1j8R_D0vOt0s8I/edit?usp=sharing"", ""'Master Data TK V0.2 (AUTO)'!T6:T""))"),1.0) -> 1 | H13: =IFERROR(__xludf.DUMMYFUNCTION("XLOOKUP($C13, IMPORTRANGE(""https://docs.google.com/spreadsheets/d/1RJrFMGUC-XijmB6MWr0bUJNzuN7BM1j8R_D0vOt0s8I/edit?usp=sharing"", ""'Master Data TK V0.2 (AUTO)'!F6:F""), IMPORTRANGE(""https://docs.google.com/spreadsheets/d/1RJrFMGUC-XijmB6MWr0bUJNzuN7BM"&"1j8R_D0vOt0s8I/edit?usp=sharing"", ""'Master Data TK V0.2 (AUTO)'!V6:V""))"),"") | K13: =IFERROR(__xludf.DUMMYFUNCTION("XLOOKUP($C13, IMPORTRANGE(""https://docs.google.com/spreadsheets/d/1RJrFMGUC-XijmB6MWr0bUJNzuN7BM1j8R_D0vOt0s8I/edit?usp=sharing"", ""'Master Data TK V0.2 (AUTO)'!F6:F""), IMPORTRANGE(""https://docs.google.com/spreadsheets/d/1RJrFMGUC-XijmB6MWr0bUJNzuN7BM"&"1j8R_D0vOt0s8I/edit?usp=sharing"", ""'Master Data TK V0.2 (AUTO)'!W6:W""))"),"") | L13: =IFERROR(__xludf.DUMMYFUNCTION("XLOOKUP($C13, IMPORTRANGE(""https://docs.google.com/spreadsheets/d/1RJrFMGUC-XijmB6MWr0bUJNzuN7BM1j8R_D0vOt0s8I/edit?usp=sharing"", ""'Master Data TK V0.2 (AUTO)'!F6:F""), IMPORTRANGE(""https://docs.google.com/spreadsheets/d/1RJrFMGUC-XijmB6MWr0bUJNzuN7BM"&"1j8R_D0vOt0s8I/edit?usp=sharing"", ""'Master Data TK V0.2 (AUTO)'!X6:X""))"),"")
A14: CRO 1 | B14: Regional Sumut 1 | C14: PT Anugerah Langkat Makmur | D14: PT-ALM-01 | E14: {=XLOOKUP(C14,'DATA TK PANEN'!D:D,'DATA TK PANEN'!H:H)} -> 0 | F14: =IFERROR(__xludf.DUMMYFUNCTION("XLOOKUP(C14, IMPORTRANGE(""https://docs.google.com/spreadsheets/d/1RJrFMGUC-XijmB6MWr0bUJNzuN7BM1j8R_D0vOt0s8I/edit?usp=sharing"", ""'Master Data TK V0.2 (AUTO)'!F6:F""), IMPORTRANGE(""https://docs.google.com/spreadsheets/d/1RJrFMGUC-XijmB6MWr0bUJNzuN7BM1"&"j8R_D0vOt0s8I/edit?usp=sharing"", ""'Master Data TK V0.2 (AUTO)'!S6:S""))"),"-") -> - | G14: =IFERROR(__xludf.DUMMYFUNCTION("XLOOKUP($C14, IMPORTRANGE(""https://docs.google.com/spreadsheets/d/1RJrFMGUC-XijmB6MWr0bUJNzuN7BM1j8R_D0vOt0s8I/edit?usp=sharing"", ""'Master Data TK V0.2 (AUTO)'!F6:F""), IMPORTRANGE(""https://docs.google.com/spreadsheets/d/1RJrFMGUC-XijmB6MWr0bUJNzuN7BM"&"1j8R_D0vOt0s8I/edit?usp=sharing"", ""'Master Data TK V0.2 (AUTO)'!T6:T""))"),"-") -> - | H14: =IFERROR(__xludf.DUMMYFUNCTION("XLOOKUP($C14, IMPORTRANGE(""https://docs.google.com/spreadsheets/d/1RJrFMGUC-XijmB6MWr0bUJNzuN7BM1j8R_D0vOt0s8I/edit?usp=sharing"", ""'Master Data TK V0.2 (AUTO)'!F6:F""), IMPORTRANGE(""https://docs.google.com/spreadsheets/d/1RJrFMGUC-XijmB6MWr0bUJNzuN7BM"&"1j8R_D0vOt0s8I/edit?usp=sharing"", ""'Master Data TK V0.2 (AUTO)'!V6:V""))"),"") | K14: =IFERROR(__xludf.DUMMYFUNCTION("XLOOKUP($C14, IMPORTRANGE(""https://docs.google.com/spreadsheets/d/1RJrFMGUC-XijmB6MWr0bUJNzuN7BM1j8R_D0vOt0s8I/edit?usp=sharing"", ""'Master Data TK V0.2 (AUTO)'!F6:F""), IMPORTRANGE(""https://docs.google.com/spreadsheets/d/1RJrFMGUC-XijmB6MWr0bUJNzuN7BM"&"1j8R_D0vOt0s8I/edit?usp=sharing"", ""'Master Data TK V0.2 (AUTO)'!W6:W""))"),"") | L14: =IFERROR(__xludf.DUMMYFUNCTION("XLOOKUP($C14, IMPORTRANGE(""https://docs.google.com/spreadsheets/d/1RJrFMGUC-XijmB6MWr0bUJNzuN7BM1j8R_D0vOt0s8I/edit?usp=sharing"", ""'Master Data TK V0.2 (AUTO)'!F6:F""), IMPORTRANGE(""https://docs.google.com/spreadsheets/d/1RJrFMGUC-XijmB6MWr0bUJNzuN7BM"&"1j8R_D0vOt0s8I/edit?usp=sharing"", ""'Master Data TK V0.2 (AUTO)'!X6:X""))"),"")
A15: CRO 1 | B15: Regional Sumut 1 | C15: PT Anugerah Sawindo | D15: PT-ASN-01 | E15: {=XLOOKUP(C15,'DATA TK PANEN'!D:D,'DATA TK PANEN'!H:H)} -> 44.46 | F15: =IFERROR(__xludf.DUMMYFUNCTION("XLOOKUP(C15, IMPORTRANGE(""https://docs.google.com/spreadsheets/d/1RJrFMGUC-XijmB6MWr0bUJNzuN7BM1j8R_D0vOt0s8I/edit?usp=sharing"", ""'Master Data TK V0.2 (AUTO)'!F6:F""), IMPORTRANGE(""https://docs.google.com/spreadsheets/d/1RJrFMGUC-XijmB6MWr0bUJNzuN7BM1"&"j8R_D0vOt0s8I/edit?usp=sharing"", ""'Master Data TK V0.2 (AUTO)'!S6:S""))"),3.0) -> 3 | G15: =IFERROR(__xludf.DUMMYFUNCTION("XLOOKUP($C15, IMPORTRANGE(""https://docs.google.com/spreadsheets/d/1RJrFMGUC-XijmB6MWr0bUJNzuN7BM1j8R_D0vOt0s8I/edit?usp=sharing"", ""'Master Data TK V0.2 (AUTO)'!F6:F""), IMPORTRANGE(""https://docs.google.com/spreadsheets/d/1RJrFMGUC-XijmB6MWr0bUJNzuN7BM"&"1j8R_D0vOt0s8I/edit?usp=sharing"", ""'Master Data TK V0.2 (AUTO)'!T6:T""))"),"-") -> - | H15: =IFERROR(__xludf.DUMMYFUNCTION("XLOOKUP($C15, IMPORTRANGE(""https://docs.google.com/spreadsheets/d/1RJrFMGUC-XijmB6MWr0bUJNzuN7BM1j8R_D0vOt0s8I/edit?usp=sharing"", ""'Master Data TK V0.2 (AUTO)'!F6:F""), IMPORTRANGE(""https://docs.google.com/spreadsheets/d/1RJrFMGUC-XijmB6MWr0bUJNzuN7BM"&"1j8R_D0vOt0s8I/edit?usp=sharing"", ""'Master Data TK V0.2 (AUTO)'!V6:V""))"),"") | K15: =IFERROR(__xludf.DUMMYFUNCTION("XLOOKUP($C15, IMPORTRANGE(""https://docs.google.com/spreadsheets/d/1RJrFMGUC-XijmB6MWr0bUJNzuN7BM1j8R_D0vOt0s8I/edit?usp=sharing"", ""'Master Data TK V0.2 (AUTO)'!F6:F""), IMPORTRANGE(""https://docs.google.com/spreadsheets/d/1RJrFMGUC-XijmB6MWr0bUJNzuN7BM"&"1j8R_D0vOt0s8I/edit?usp=sharing"", ""'Master Data TK V0.2 (AUTO)'!W6:W""))"),"") | L15: =IFERROR(__xludf.DUMMYFUNCTION("XLOOKUP($C15, IMPORTRANGE(""https://docs.google.com/spreadsheets/d/1RJrFMGUC-XijmB6MWr0bUJNzuN7BM1j8R_D0vOt0s8I/edit?usp=sharing"", ""'Master Data TK V0.2 (AUTO)'!F6:F""), IMPORTRANGE(""https://docs.google.com/spreadsheets/d/1RJrFMGUC-XijmB6MWr0bUJNzuN7BM"&"1j8R_D0vOt0s8I/edit?usp=sharing"", ""'Master Data TK V0.2 (AUTO)'!X6:X""))"),"")
A16: CRO 1 | B16: Regional Sumut 1 | C16: PT Austindo Nusantara Jaya Agri | D16: PT-ANJ-01 | E16: {=XLOOKUP(C16,'DATA TK PANEN'!D:D,'DATA TK PANEN'!H:H)} -> Tidak Ditemukan | F16: =IFERROR(__xludf.DUMMYFUNCTION("XLOOKUP(C16, IMPORTRANGE(""https://docs.google.com/spreadsheets/d/1RJrFMGUC-XijmB6MWr0bUJNzuN7BM1j8R_D0vOt0s8I/edit?usp=sharing"", ""'Master Data TK V0.2 (AUTO)'!F6:F""), IMPORTRANGE(""https://docs.google.com/spreadsheets/d/1RJrFMGUC-XijmB6MWr0bUJNzuN7BM1"&"j8R_D0vOt0s8I/edit?usp=sharing"", ""'Master Data TK V0.2 (AUTO)'!S6:S""))"),"-") -> - | G16: =IFERROR(__xludf.DUMMYFUNCTION("XLOOKUP($C16, IMPORTRANGE(""https://docs.google.com/spreadsheets/d/1RJrFMGUC-XijmB6MWr0bUJNzuN7BM1j8R_D0vOt0s8I/edit?usp=sharing"", ""'Master Data TK V0.2 (AUTO)'!F6:F""), IMPORTRANGE(""https://docs.google.com/spreadsheets/d/1RJrFMGUC-XijmB6MWr0bUJNzuN7BM"&"1j8R_D0vOt0s8I/edit?usp=sharing"", ""'Master Data TK V0.2 (AUTO)'!T6:T""))"),"-") -> - | H16: =IFERROR(__xludf.DUMMYFUNCTION("XLOOKUP($C16, IMPORTRANGE(""https://docs.google.com/spreadsheets/d/1RJrFMGUC-XijmB6MWr0bUJNzuN7BM1j8R_D0vOt0s8I/edit?usp=sharing"", ""'Master Data TK V0.2 (AUTO)'!F6:F""), IMPORTRANGE(""https://docs.google.com/spreadsheets/d/1RJrFMGUC-XijmB6MWr0bUJNzuN7BM"&"1j8R_D0vOt0s8I/edit?usp=sharing"", ""'Master Data TK V0.2 (AUTO)'!V6:V""))"),"") | K16: =IFERROR(__xludf.DUMMYFUNCTION("XLOOKUP($C16, IMPORTRANGE(""https://docs.google.com/spreadsheets/d/1RJrFMGUC-XijmB6MWr0bUJNzuN7BM1j8R_D0vOt0s8I/edit?usp=sharing"", ""'Master Data TK V0.2 (AUTO)'!F6:F""), IMPORTRANGE(""https://docs.google.com/spreadsheets/d/1RJrFMGUC-XijmB6MWr0bUJNzuN7BM"&"1j8R_D0vOt0s8I/edit?usp=sharing"", ""'Master Data TK V0.2 (AUTO)'!W6:W""))"),"") | L16: =IFERROR(__xludf.DUMMYFUNCTION("XLOOKUP($C16, IMPORTRANGE(""https://docs.google.com/spreadsheets/d/1RJrFMGUC-XijmB6MWr0bUJNzuN7BM1j8R_D0vOt0s8I/edit?usp=sharing"", ""'Master Data TK V0.2 (AUTO)'!F6:F""), IMPORTRANGE(""https://docs.google.com/spreadsheets/d/1RJrFMGUC-XijmB6MWr0bUJNzuN7BM"&"1j8R_D0vOt0s8I/edit?usp=sharing"", ""'Master Data TK V0.2 (AUTO)'!X6:X""))"),"")
A17: CRO 1 | B17: Regional Sumut 1 | C17: PT Bakrie Sumatera Plantations/Bakrie Group | D17: PT-BSP-01 | E17: {=XLOOKUP(C17,'DATA TK PANEN'!D:D,'DATA TK PANEN'!H:H)} -> 0 | F17: =IFERROR(__xludf.DUMMYFUNCTION("XLOOKUP(C17, IMPORTRANGE(""https://docs.google.com/spreadsheets/d/1RJrFMGUC-XijmB6MWr0bUJNzuN7BM1j8R_D0vOt0s8I/edit?usp=sharing"", ""'Master Data TK V0.2 (AUTO)'!F6:F""), IMPORTRANGE(""https://docs.google.com/spreadsheets/d/1RJrFMGUC-XijmB6MWr0bUJNzuN7BM1"&"j8R_D0vOt0s8I/edit?usp=sharing"", ""'Master Data TK V0.2 (AUTO)'!S6:S""))"),"-") -> - | G17: =IFERROR(__xludf.DUMMYFUNCTION("XLOOKUP($C17, IMPORTRANGE(""https://docs.google.com/spreadsheets/d/1RJrFMGUC-XijmB6MWr0bUJNzuN7BM1j8R_D0vOt0s8I/edit?usp=sharing"", ""'Master Data TK V0.2 (AUTO)'!F6:F""), IMPORTRANGE(""https://docs.google.com/spreadsheets/d/1RJrFMGUC-XijmB6MWr0bUJNzuN7BM"&"1j8R_D0vOt0s8I/edit?usp=sharing"", ""'Master Data TK V0.2 (AUTO)'!T6:T""))"),"-") -> - | H17: =IFERROR(__xludf.DUMMYFUNCTION("XLOOKUP($C17, IMPORTRANGE(""https://docs.google.com/spreadsheets/d/1RJrFMGUC-XijmB6MWr0bUJNzuN7BM1j8R_D0vOt0s8I/edit?usp=sharing"", ""'Master Data TK V0.2 (AUTO)'!F6:F""), IMPORTRANGE(""https://docs.google.com/spreadsheets/d/1RJrFMGUC-XijmB6MWr0bUJNzuN7BM"&"1j8R_D0vOt0s8I/edit?usp=sharing"", ""'Master Data TK V0.2 (AUTO)'!V6:V""))"),"") | K17: =IFERROR(__xludf.DUMMYFUNCTION("XLOOKUP($C17, IMPORTRANGE(""https://docs.google.com/spreadsheets/d/1RJrFMGUC-XijmB6MWr0bUJNzuN7BM1j8R_D0vOt0s8I/edit?usp=sharing"", ""'Master Data TK V0.2 (AUTO)'!F6:F""), IMPORTRANGE(""https://docs.google.com/spreadsheets/d/1RJrFMGUC-XijmB6MWr0bUJNzuN7BM"&"1j8R_D0vOt0s8I/edit?usp=sharing"", ""'Master Data TK V0.2 (AUTO)'!W6:W""))"),"") | L17: =IFERROR(__xludf.DUMMYFUNCTION("XLOOKUP($C17, IMPORTRANGE(""https://docs.google.com/spreadsheets/d/1RJrFMGUC-XijmB6MWr0bUJNzuN7BM1j8R_D0vOt0s8I/edit?usp=sharing"", ""'Master Data TK V0.2 (AUTO)'!F6:F""), IMPORTRANGE(""https://docs.google.com/spreadsheets/d/1RJrFMGUC-XijmB6MWr0bUJNzuN7BM"&"1j8R_D0vOt0s8I/edit?usp=sharing"", ""'Master Data TK V0.2 (AUTO)'!X6:X""))"),"")
A18: CRO 1 | B18: Regional Sumut 1 | C18: PT Bandar Meriah* | D18: PT-BMA-01 | E18: {=XLOOKUP(C18,'DATA TK PANEN'!D:D,'DATA TK PANEN'!H:H)} -> 0 | F18: =IFERROR(__xludf.DUMMYFUNCTION("XLOOKUP(C18, IMPORTRANGE(""https://docs.google.com/spreadsheets/d/1RJrFMGUC-XijmB6MWr0bUJNzuN7BM1j8R_D0vOt0s8I/edit?usp=sharing"", ""'Master Data TK V0.2 (AUTO)'!F6:F""), IMPORTRANGE(""https://docs.google.com/spreadsheets/d/1RJrFMGUC-XijmB6MWr0bUJNzuN7BM1"&"j8R_D0vOt0s8I/edit?usp=sharing"", ""'Master Data TK V0.2 (AUTO)'!S6:S""))"),"-") -> - | G18: =IFERROR(__xludf.DUMMYFUNCTION("XLOOKUP($C18, IMPORTRANGE(""https://docs.google.com/spreadsheets/d/1RJrFMGUC-XijmB6MWr0bUJNzuN7BM1j8R_D0vOt0s8I/edit?usp=sharing"", ""'Master Data TK V0.2 (AUTO)'!F6:F""), IMPORTRANGE(""https://docs.google.com/spreadsheets/d/1RJrFMGUC-XijmB6MWr0bUJNzuN7BM"&"1j8R_D0vOt0s8I/edit?usp=sharing"", ""'Master Data TK V0.2 (AUTO)'!T6:T""))"),"-") -> - | H18: =IFERROR(__xludf.DUMMYFUNCTION("XLOOKUP($C18, IMPORTRANGE(""https://docs.google.com/spreadsheets/d/1RJrFMGUC-XijmB6MWr0bUJNzuN7BM1j8R_D0vOt0s8I/edit?usp=sharing"", ""'Master Data TK V0.2 (AUTO)'!F6:F""), IMPORTRANGE(""https://docs.google.com/spreadsheets/d/1RJrFMGUC-XijmB6MWr0bUJNzuN7BM"&"1j8R_D0vOt0s8I/edit?usp=sharing"", ""'Master Data TK V0.2 (AUTO)'!V6:V""))"),"") | K18: =IFERROR(__xludf.DUMMYFUNCTION("XLOOKUP($C18, IMPORTRANGE(""https://docs.google.com/spreadsheets/d/1RJrFMGUC-XijmB6MWr0bUJNzuN7BM1j8R_D0vOt0s8I/edit?usp=sharing"", ""'Master Data TK V0.2 (AUTO)'!F6:F""), IMPORTRANGE(""https://docs.google.com/spreadsheets/d/1RJrFMGUC-XijmB6MWr0bUJNzuN7BM"&"1j8R_D0vOt0s8I/edit?usp=sharing"", ""'Master Data TK V0.2 (AUTO)'!W6:W""))"),"") | L18: =IFERROR(__xludf.DUMMYFUNCTION("XLOOKUP($C18, IMPORTRANGE(""https://docs.google.com/spreadsheets/d/1RJrFMGUC-XijmB6MWr0bUJNzuN7BM1j8R_D0vOt0s8I/edit?usp=sharing"", ""'Master Data TK V0.2 (AUTO)'!F6:F""), IMPORTRANGE(""https://docs.google.com/spreadsheets/d/1RJrFMGUC-XijmB6MWr0bUJNzuN7BM"&"1j8R_D0vOt0s8I/edit?usp=sharing"", ""'Master Data TK V0.2 (AUTO)'!X6:X""))"),"")
A19: CRO 1 | B19: Regional Sumut 1 | C19: PT Barumun Raya Padang Langkat | D19: PT-BRP-01 | E19: {=XLOOKUP(C19,'DATA TK PANEN'!D:D,'DATA TK PANEN'!H:H)} -> 0 | F19: =IFERROR(__xludf.DUMMYFUNCTION("XLOOKUP(C19, IMPORTRANGE(""https://docs.google.com/spreadsheets/d/1RJrFMGUC-XijmB6MWr0bUJNzuN7BM1j8R_D0vOt0s8I/edit?usp=sharing"", ""'Master Data TK V0.2 (AUTO)'!F6:F""), IMPORTRANGE(""https://docs.google.com/spreadsheets/d/1RJrFMGUC-XijmB6MWr0bUJNzuN7BM1"&"j8R_D0vOt0s8I/edit?usp=sharing"", ""'Master Data TK V0.2 (AUTO)'!S6:S""))"),"-") -> - | G19: =IFERROR(__xludf.DUMMYFUNCTION("XLOOKUP($C19, IMPORTRANGE(""https://docs.google.com/spreadsheets/d/1RJrFMGUC-XijmB6MWr0bUJNzuN7BM1j8R_D0vOt0s8I/edit?usp=sharing"", ""'Master Data TK V0.2 (AUTO)'!F6:F""), IMPORTRANGE(""https://docs.google.com/spreadsheets/d/1RJrFMGUC-XijmB6MWr0bUJNzuN7BM"&"1j8R_D0vOt0s8I/edit?usp=sharing"", ""'Master Data TK V0.2 (AUTO)'!T6:T""))"),"-") -> - | H19: =IFERROR(__xludf.DUMMYFUNCTION("XLOOKUP($C19, IMPORTRANGE(""https://docs.google.com/spreadsheets/d/1RJrFMGUC-XijmB6MWr0bUJNzuN7BM1j8R_D0vOt0s8I/edit?usp=sharing"", ""'Master Data TK V0.2 (AUTO)'!F6:F""), IMPORTRANGE(""https://docs.google.com/spreadsheets/d/1RJrFMGUC-XijmB6MWr0bUJNzuN7BM"&"1j8R_D0vOt0s8I/edit?usp=sharing"", ""'Master Data TK V0.2 (AUTO)'!V6:V""))"),"") | K19: =IFERROR(__xludf.DUMMYFUNCTION("XLOOKUP($C19, IMPORTRANGE(""https://docs.google.com/spreadsheets/d/1RJrFMGUC-XijmB6MWr0bUJNzuN7BM1j8R_D0vOt0s8I/edit?usp=sharing"", ""'Master Data TK V0.2 (AUTO)'!F6:F""), IMPORTRANGE(""https://docs.google.com/spreadsheets/d/1RJrFMGUC-XijmB6MWr0bUJNzuN7BM"&"1j8R_D0vOt0s8I/edit?usp=sharing"", ""'Master Data TK V0.2 (AUTO)'!W6:W""))"),"") | L19: =IFERROR(__xludf.DUMMYFUNCTION("XLOOKUP($C19, IMPORTRANGE(""https://docs.google.com/spreadsheets/d/1RJrFMGUC-XijmB6MWr0bUJNzuN7BM1j8R_D0vOt0s8I/edit?usp=sharing"", ""'Master Data TK V0.2 (AUTO)'!F6:F""), IMPORTRANGE(""https://docs.google.com/spreadsheets/d/1RJrFMGUC-XijmB6MWr0bUJNzuN7BM"&"1j8R_D0vOt0s8I/edit?usp=sharing"", ""'Master Data TK V0.2 (AUTO)'!X6:X""))"),"")
A20: CRO 1 | B20: Regional Sumut 1 | C20: PT Gaharu Mas | D20: PT-GMA-01 | E20: {=XLOOKUP(C20,'DATA TK PANEN'!D:D,'DATA TK PANEN'!H:H)} -> Tidak Ditemukan | F20: =IFERROR(__xludf.DUMMYFUNCTION("XLOOKUP(C20, IMPORTRANGE(""https://docs.google.com/spreadsheets/d/1RJrFMGUC-XijmB6MWr0bUJNzuN7BM1j8R_D0vOt0s8I/edit?usp=sharing"", ""'Master Data TK V0.2 (AUTO)'!F6:F""), IMPORTRANGE(""https://docs.google.com/spreadsheets/d/1RJrFMGUC-XijmB6MWr0bUJNzuN7BM1"&"j8R_D0vOt0s8I/edit?usp=sharing"", ""'Master Data TK V0.2 (AUTO)'!S6:S""))"),"-") -> - | G20: =IFERROR(__xludf.DUMMYFUNCTION("XLOOKUP($C20, IMPORTRANGE(""https://docs.google.com/spreadsheets/d/1RJrFMGUC-XijmB6MWr0bUJNzuN7BM1j8R_D0vOt0s8I/edit?usp=sharing"", ""'Master Data TK V0.2 (AUTO)'!F6:F""), IMPORTRANGE(""https://docs.google.com/spreadsheets/d/1RJrFMGUC-XijmB6MWr0bUJNzuN7BM"&"1j8R_D0vOt0s8I/edit?usp=sharing"", ""'Master Data TK V0.2 (AUTO)'!T6:T""))"),"-") -> - | H20: =IFERROR(__xludf.DUMMYFUNCTION("XLOOKUP($C20, IMPORTRANGE(""https://docs.google.com/spreadsheets/d/1RJrFMGUC-XijmB6MWr0bUJNzuN7BM1j8R_D0vOt0s8I/edit?usp=sharing"", ""'Master Data TK V0.2 (AUTO)'!F6:F""), IMPORTRANGE(""https://docs.google.com/spreadsheets/d/1RJrFMGUC-XijmB6MWr0bUJNzuN7BM"&"1j8R_D0vOt0s8I/edit?usp=sharing"", ""'Master Data TK V0.2 (AUTO)'!V6:V""))"),"") | K20: =IFERROR(__xludf.DUMMYFUNCTION("XLOOKUP($C20, IMPORTRANGE(""https://docs.google.com/spreadsheets/d/1RJrFMGUC-XijmB6MWr0bUJNzuN7BM1j8R_D0vOt0s8I/edit?usp=sharing"", ""'Master Data TK V0.2 (AUTO)'!F6:F""), IMPORTRANGE(""https://docs.google.com/spreadsheets/d/1RJrFMGUC-XijmB6MWr0bUJNzuN7BM"&"1j8R_D0vOt0s8I/edit?usp=sharing"", ""'Master Data TK V0.2 (AUTO)'!W6:W""))"),"") | L20: =IFERROR(__xludf.DUMMYFUNCTION("XLOOKUP($C20, IMPORTRANGE(""https://docs.google.com/spreadsheets/d/1RJrFMGUC-XijmB6MWr0bUJNzuN7BM1j8R_D0vOt0s8I/edit?usp=sharing"", ""'Master Data TK V0.2 (AUTO)'!F6:F""), IMPORTRANGE(""https://docs.google.com/spreadsheets/d/1RJrFMGUC-XijmB6MWr0bUJNzuN7BM"&"1j8R_D0vOt0s8I/edit?usp=sharing"", ""'Master Data TK V0.2 (AUTO)'!X6:X""))"),"")
A21: CRO 1 | B21: Regional Sumut 1 | C21: PT Agrinas Palma Nusantara | D21: PT-APN-02 | E21: {=XLOOKUP(C21,'DATA TK PANEN'!D:D,'DATA TK PANEN'!H:H)} -> 3260.34 | F21: =IFERROR(__xludf.DUMMYFUNCTION("XLOOKUP(C21, IMPORTRANGE(""https://docs.google.com/spreadsheets/d/1RJrFMGUC-XijmB6MWr0bUJNzuN7BM1j8R_D0vOt0s8I/edit?usp=sharing"", ""'Master Data TK V0.2 (AUTO)'!F6:F""), IMPORTRANGE(""https://docs.google.com/spreadsheets/d/1RJrFMGUC-XijmB6MWr0bUJNzuN7BM1"&"j8R_D0vOt0s8I/edit?usp=sharing"", ""'Master Data TK V0.2 (AUTO)'!S6:S""))"),196.0) -> 196 | G21: =IFERROR(__xludf.DUMMYFUNCTION("XLOOKUP($C21, IMPORTRANGE(""https://docs.google.com/spreadsheets/d/1RJrFMGUC-XijmB6MWr0bUJNzuN7BM1j8R_D0vOt0s8I/edit?usp=sharing"", ""'Master Data TK V0.2 (AUTO)'!F6:F""), IMPORTRANGE(""https://docs.google.com/spreadsheets/d/1RJrFMGUC-XijmB6MWr0bUJNzuN7BM"&"1j8R_D0vOt0s8I/edit?usp=sharing"", ""'Master Data TK V0.2 (AUTO)'!T6:T""))"),135.0) -> 135 | H21: =IFERROR(__xludf.DUMMYFUNCTION("XLOOKUP($C21, IMPORTRANGE(""https://docs.google.com/spreadsheets/d/1RJrFMGUC-XijmB6MWr0bUJNzuN7BM1j8R_D0vOt0s8I/edit?usp=sharing"", ""'Master Data TK V0.2 (AUTO)'!F6:F""), IMPORTRANGE(""https://docs.google.com/spreadsheets/d/1RJrFMGUC-XijmB6MWr0bUJNzuN7BM"&"1j8R_D0vOt0s8I/edit?usp=sharing"", ""'Master Data TK V0.2 (AUTO)'!V6:V""))"),149.0) -> 149 | K21: =IFERROR(__xludf.DUMMYFUNCTION("XLOOKUP($C21, IMPORTRANGE(""https://docs.google.com/spreadsheets/d/1RJrFMGUC-XijmB6MWr0bUJNzuN7BM1j8R_D0vOt0s8I/edit?usp=sharing"", ""'Master Data TK V0.2 (AUTO)'!F6:F""), IMPORTRANGE(""https://docs.google.com/spreadsheets/d/1RJrFMGUC-XijmB6MWr0bUJNzuN7BM"&"1j8R_D0vOt0s8I/edit?usp=sharing"", ""'Master Data TK V0.2 (AUTO)'!W6:W""))"),20.0) -> 20 | L21: =IFERROR(__xludf.DUMMYFUNCTION("XLOOKUP($C21, IMPORTRANGE(""https://docs.google.com/spreadsheets/d/1RJrFMGUC-XijmB6MWr0bUJNzuN7BM1j8R_D0vOt0s8I/edit?usp=sharing"", ""'Master Data TK V0.2 (AUTO)'!F6:F""), IMPORTRANGE(""https://docs.google.com/spreadsheets/d/1RJrFMGUC-XijmB6MWr0bUJNzuN7BM"&"1j8R_D0vOt0s8I/edit?usp=sharing"", ""'Master Data TK V0.2 (AUTO)'!X6:X""))"),27.0) -> 27
A22: CRO 1 | B22: Regional Sumut 1 | C22: PT Gunung Bangau | D22: PT-GBU-01 | E22: {=XLOOKUP(C22,'DATA TK PANEN'!D:D,'DATA TK PANEN'!H:H)} -> 0 | F22: =IFERROR(__xludf.DUMMYFUNCTION("XLOOKUP(C22, IMPORTRANGE(""https://docs.google.com/spreadsheets/d/1RJrFMGUC-XijmB6MWr0bUJNzuN7BM1j8R_D0vOt0s8I/edit?usp=sharing"", ""'Master Data TK V0.2 (AUTO)'!F6:F""), IMPORTRANGE(""https://docs.google.com/spreadsheets/d/1RJrFMGUC-XijmB6MWr0bUJNzuN7BM1"&"j8R_D0vOt0s8I/edit?usp=sharing"", ""'Master Data TK V0.2 (AUTO)'!S6:S""))"),"-") -> - | G22: =IFERROR(__xludf.DUMMYFUNCTION("XLOOKUP($C22, IMPORTRANGE(""https://docs.google.com/spreadsheets/d/1RJrFMGUC-XijmB6MWr0bUJNzuN7BM1j8R_D0vOt0s8I/edit?usp=sharing"", ""'Master Data TK V0.2 (AUTO)'!F6:F""), IMPORTRANGE(""https://docs.google.com/spreadsheets/d/1RJrFMGUC-XijmB6MWr0bUJNzuN7BM"&"1j8R_D0vOt0s8I/edit?usp=sharing"", ""'Master Data TK V0.2 (AUTO)'!T6:T""))"),"-") -> - | H22: =IFERROR(__xludf.DUMMYFUNCTION("XLOOKUP($C22, IMPORTRANGE(""https://docs.google.com/spreadsheets/d/1RJrFMGUC-XijmB6MWr0bUJNzuN7BM1j8R_D0vOt0s8I/edit?usp=sharing"", ""'Master Data TK V0.2 (AUTO)'!F6:F""), IMPORTRANGE(""https://docs.google.com/spreadsheets/d/1RJrFMGUC-XijmB6MWr0bUJNzuN7BM"&"1j8R_D0vOt0s8I/edit?usp=sharing"", ""'Master Data TK V0.2 (AUTO)'!V6:V""))"),"") | K22: =IFERROR(__xludf.DUMMYFUNCTION("XLOOKUP($C22, IMPORTRANGE(""https://docs.google.com/spreadsheets/d/1RJrFMGUC-XijmB6MWr0bUJNzuN7BM1j8R_D0vOt0s8I/edit?usp=sharing"", ""'Master Data TK V0.2 (AUTO)'!F6:F""), IMPORTRANGE(""https://docs.google.com/spreadsheets/d/1RJrFMGUC-XijmB6MWr0bUJNzuN7BM"&"1j8R_D0vOt0s8I/edit?usp=sharing"", ""'Master Data TK V0.2 (AUTO)'!W6:W""))"),"") | L22: =IFERROR(__xludf.DUMMYFUNCTION("XLOOKUP($C22, IMPORTRANGE(""https://docs.google.com/spreadsheets/d/1RJrFMGUC-XijmB6MWr0bUJNzuN7BM1j8R_D0vOt0s8I/edit?usp=sharing"", ""'Master Data TK V0.2 (AUTO)'!F6:F""), IMPORTRANGE(""https://docs.google.com/spreadsheets/d/1RJrFMGUC-XijmB6MWr0bUJNzuN7BM"&"1j8R_D0vOt0s8I/edit?usp=sharing"", ""'Master Data TK V0.2 (AUTO)'!X6:X""))"),"")
A23: CRO 1 | B23: Regional Sumut 1 | C23: PT Hexansetia Sawita | D23: PT-HSE-01 | E23: {=XLOOKUP(C23,'DATA TK PANEN'!D:D,'DATA TK PANEN'!H:H)} -> Tidak Ditemukan | F23: =IFERROR(__xludf.DUMMYFUNCTION("XLOOKUP(C23, IMPORTRANGE(""https://docs.google.com/spreadsheets/d/1RJrFMGUC-XijmB6MWr0bUJNzuN7BM1j8R_D0vOt0s8I/edit?usp=sharing"", ""'Master Data TK V0.2 (AUTO)'!F6:F""), IMPORTRANGE(""https://docs.google.com/spreadsheets/d/1RJrFMGUC-XijmB6MWr0bUJNzuN7BM1"&"j8R_D0vOt0s8I/edit?usp=sharing"", ""'Master Data TK V0.2 (AUTO)'!S6:S""))"),"-") -> - | G23: =IFERROR(__xludf.DUMMYFUNCTION("XLOOKUP($C23, IMPORTRANGE(""https://docs.google.com/spreadsheets/d/1RJrFMGUC-XijmB6MWr0bUJNzuN7BM1j8R_D0vOt0s8I/edit?usp=sharing"", ""'Master Data TK V0.2 (AUTO)'!F6:F""), IMPORTRANGE(""https://docs.google.com/spreadsheets/d/1RJrFMGUC-XijmB6MWr0bUJNzuN7BM"&"1j8R_D0vOt0s8I/edit?usp=sharing"", ""'Master Data TK V0.2 (AUTO)'!T6:T""))"),"-") -> - | H23: =IFERROR(__xludf.DUMMYFUNCTION("XLOOKUP($C23, IMPORTRANGE(""https://docs.google.com/spreadsheets/d/1RJrFMGUC-XijmB6MWr0bUJNzuN7BM1j8R_D0vOt0s8I/edit?usp=sharing"", ""'Master Data TK V0.2 (AUTO)'!F6:F""), IMPORTRANGE(""https://docs.google.com/spreadsheets/d/1RJrFMGUC-XijmB6MWr0bUJNzuN7BM"&"1j8R_D0vOt0s8I/edit?usp=sharing"", ""'Master Data TK V0.2 (AUTO)'!V6:V""))"),"") | K23: =IFERROR(__xludf.DUMMYFUNCTION("XLOOKUP($C23, IMPORTRANGE(""https://docs.google.com/spreadsheets/d/1RJrFMGUC-XijmB6MWr0bUJNzuN7BM1j8R_D0vOt0s8I/edit?usp=sharing"", ""'Master Data TK V0.2 (AUTO)'!F6:F""), IMPORTRANGE(""https://docs.google.com/spreadsheets/d/1RJrFMGUC-XijmB6MWr0bUJNzuN7BM"&"1j8R_D0vOt0s8I/edit?usp=sharing"", ""'Master Data TK V0.2 (AUTO)'!W6:W""))"),"") | L23: =IFERROR(__xludf.DUMMYFUNCTION("XLOOKUP($C23, IMPORTRANGE(""https://docs.google.com/spreadsheets/d/1RJrFMGUC-XijmB6MWr0bUJNzuN7BM1j8R_D0vOt0s8I/edit?usp=sharing"", ""'Master Data TK V0.2 (AUTO)'!F6:F""), IMPORTRANGE(""https://docs.google.com/spreadsheets/d/1RJrFMGUC-XijmB6MWr0bUJNzuN7BM"&"1j8R_D0vOt0s8I/edit?usp=sharing"", ""'Master Data TK V0.2 (AUTO)'!X6:X""))"),"")
A24: CRO 1 | B24: Regional Sumut 1 | C24: PT Karimun Aromatics Co. Ltd | D24: PT-KAC-01 | E24: {=XLOOKUP(C24,'DATA TK PANEN'!D:D,'DATA TK PANEN'!H:H)} -> 269 | F24: =IFERROR(__xludf.DUMMYFUNCTION("XLOOKUP(C24, IMPORTRANGE(""https://docs.google.com/spreadsheets/d/1RJrFMGUC-XijmB6MWr0bUJNzuN7BM1j8R_D0vOt0s8I/edit?usp=sharing"", ""'Master Data TK V0.2 (AUTO)'!F6:F""), IMPORTRANGE(""https://docs.google.com/spreadsheets/d/1RJrFMGUC-XijmB6MWr0bUJNzuN7BM1"&"j8R_D0vOt0s8I/edit?usp=sharing"", ""'Master Data TK V0.2 (AUTO)'!S6:S""))"),10.0) -> 10 | G24: =IFERROR(__xludf.DUMMYFUNCTION("XLOOKUP($C24, IMPORTRANGE(""https://docs.google.com/spreadsheets/d/1RJrFMGUC-XijmB6MWr0bUJNzuN7BM1j8R_D0vOt0s8I/edit?usp=sharing"", ""'Master Data TK V0.2 (AUTO)'!F6:F""), IMPORTRANGE(""https://docs.google.com/spreadsheets/d/1RJrFMGUC-XijmB6MWr0bUJNzuN7BM"&"1j8R_D0vOt0s8I/edit?usp=sharing"", ""'Master Data TK V0.2 (AUTO)'!T6:T""))"),7.0) -> 7 | H24: =IFERROR(__xludf.DUMMYFUNCTION("XLOOKUP($C24, IMPORTRANGE(""https://docs.google.com/spreadsheets/d/1RJrFMGUC-XijmB6MWr0bUJNzuN7BM1j8R_D0vOt0s8I/edit?usp=sharing"", ""'Master Data TK V0.2 (AUTO)'!F6:F""), IMPORTRANGE(""https://docs.google.com/spreadsheets/d/1RJrFMGUC-XijmB6MWr0bUJNzuN7BM"&"1j8R_D0vOt0s8I/edit?usp=sharing"", ""'Master Data TK V0.2 (AUTO)'!V6:V""))"),10.0) -> 10 | K24: =IFERROR(__xludf.DUMMYFUNCTION("XLOOKUP($C24, IMPORTRANGE(""https://docs.google.com/spreadsheets/d/1RJrFMGUC-XijmB6MWr0bUJNzuN7BM1j8R_D0vOt0s8I/edit?usp=sharing"", ""'Master Data TK V0.2 (AUTO)'!F6:F""), IMPORTRANGE(""https://docs.google.com/spreadsheets/d/1RJrFMGUC-XijmB6MWr0bUJNzuN7BM"&"1j8R_D0vOt0s8I/edit?usp=sharing"", ""'Master Data TK V0.2 (AUTO)'!W6:W""))"),0.0) -> 0 | L24: =IFERROR(__xludf.DUMMYFUNCTION("XLOOKUP($C24, IMPORTRANGE(""https://docs.google.com/spreadsheets/d/1RJrFMGUC-XijmB6MWr0bUJNzuN7BM1j8R_D0vOt0s8I/edit?usp=sharing"", ""'Master Data TK V0.2 (AUTO)'!F6:F""), IMPORTRANGE(""https://docs.google.com/spreadsheets/d/1RJrFMGUC-XijmB6MWr0bUJNzuN7BM"&"1j8R_D0vOt0s8I/edit?usp=sharing"", ""'Master Data TK V0.2 (AUTO)'!X6:X""))"),0.0) -> 0
A25: CRO 1 | B25: Regional Sumut 1 | C25: PT Karya Hevea Indonesia | D25: PT-KHI-01 | E25: {=XLOOKUP(C25,'DATA TK PANEN'!D:D,'DATA TK PANEN'!H:H)} -> 264.84 | F25: =IFERROR(__xludf.DUMMYFUNCTION("XLOOKUP(C25, IMPORTRANGE(""https://docs.google.com/spreadsheets/d/1RJrFMGUC-XijmB6MWr0bUJNzuN7BM1j8R_D0vOt0s8I/edit?usp=sharing"", ""'Master Data TK V0.2 (AUTO)'!F6:F""), IMPORTRANGE(""https://docs.google.com/spreadsheets/d/1RJrFMGUC-XijmB6MWr0bUJNzuN7BM1"&"j8R_D0vOt0s8I/edit?usp=sharing"", ""'Master Data TK V0.2 (AUTO)'!S6:S""))"),15.0) -> 15 | G25: =IFERROR(__xludf.DUMMYFUNCTION("XLOOKUP($C25, IMPORTRANGE(""https://docs.google.com/spreadsheets/d/1RJrFMGUC-XijmB6MWr0bUJNzuN7BM1j8R_D0vOt0s8I/edit?usp=sharing"", ""'Master Data TK V0.2 (AUTO)'!F6:F""), IMPORTRANGE(""https://docs.google.com/spreadsheets/d/1RJrFMGUC-XijmB6MWr0bUJNzuN7BM"&"1j8R_D0vOt0s8I/edit?usp=sharing"", ""'Master Data TK V0.2 (AUTO)'!T6:T""))"),15.0) -> 15 | H25: =IFERROR(__xludf.DUMMYFUNCTION("XLOOKUP($C25, IMPORTRANGE(""https://docs.google.com/spreadsheets/d/1RJrFMGUC-XijmB6MWr0bUJNzuN7BM1j8R_D0vOt0s8I/edit?usp=sharing"", ""'Master Data TK V0.2 (AUTO)'!F6:F""), IMPORTRANGE(""https://docs.google.com/spreadsheets/d/1RJrFMGUC-XijmB6MWr0bUJNzuN7BM"&"1j8R_D0vOt0s8I/edit?usp=sharing"", ""'Master Data TK V0.2 (AUTO)'!V6:V""))"),13.0) -> 13 | K25: =IFERROR(__xludf.DUMMYFUNCTION("XLOOKUP($C25, IMPORTRANGE(""https://docs.google.com/spreadsheets/d/1RJrFMGUC-XijmB6MWr0bUJNzuN7BM1j8R_D0vOt0s8I/edit?usp=sharing"", ""'Master Data TK V0.2 (AUTO)'!F6:F""), IMPORTRANGE(""https://docs.google.com/spreadsheets/d/1RJrFMGUC-XijmB6MWr0bUJNzuN7BM"&"1j8R_D0vOt0s8I/edit?usp=sharing"", ""'Master Data TK V0.2 (AUTO)'!W6:W""))"),1.0) -> 1 | L25: =IFERROR(__xludf.DUMMYFUNCTION("XLOOKUP($C25, IMPORTRANGE(""https://docs.google.com/spreadsheets/d/1RJrFMGUC-XijmB6MWr0bUJNzuN7BM1j8R_D0vOt0s8I/edit?usp=sharing"", ""'Master Data TK V0.2 (AUTO)'!F6:F""), IMPORTRANGE(""https://docs.google.com/spreadsheets/d/1RJrFMGUC-XijmB6MWr0bUJNzuN7BM"&"1j8R_D0vOt0s8I/edit?usp=sharing"", ""'Master Data TK V0.2 (AUTO)'!X6:X""))"),1.0) -> 1
A26: CRO 1 | B26: Regional Sumut 1 | C26: PT Kembang Sepatu Alam Abadi | D26: PT-KSA-02 | E26: {=XLOOKUP(C26,'DATA TK PANEN'!D:D,'DATA TK PANEN'!H:H)} -> 440.4 | F26: =IFERROR(__xludf.DUMMYFUNCTION("XLOOKUP(C26, IMPORTRANGE(""https://docs.google.com/spreadsheets/d/1RJrFMGUC-XijmB6MWr0bUJNzuN7BM1j8R_D0vOt0s8I/edit?usp=sharing"", ""'Master Data TK V0.2 (AUTO)'!F6:F""), IMPORTRANGE(""https://docs.google.com/spreadsheets/d/1RJrFMGUC-XijmB6MWr0bUJNzuN7BM1"&"j8R_D0vOt0s8I/edit?usp=sharing"", ""'Master Data TK V0.2 (AUTO)'!S6:S""))"),26.0) -> 26 | G26: =IFERROR(__xludf.DUMMYFUNCTION("XLOOKUP($C26, IMPORTRANGE(""https://docs.google.com/spreadsheets/d/1RJrFMGUC-XijmB6MWr0bUJNzuN7BM1j8R_D0vOt0s8I/edit?usp=sharing"", ""'Master Data TK V0.2 (AUTO)'!F6:F""), IMPORTRANGE(""https://docs.google.com/spreadsheets/d/1RJrFMGUC-XijmB6MWr0bUJNzuN7BM"&"1j8R_D0vOt0s8I/edit?usp=sharing"", ""'Master Data TK V0.2 (AUTO)'!T6:T""))"),"") | H26: =IFERROR(__xludf.DUMMYFUNCTION("XLOOKUP($C26, IMPORTRANGE(""https://docs.google.com/spreadsheets/d/1RJrFMGUC-XijmB6MWr0bUJNzuN7BM1j8R_D0vOt0s8I/edit?usp=sharing"", ""'Master Data TK V0.2 (AUTO)'!F6:F""), IMPORTRANGE(""https://docs.google.com/spreadsheets/d/1RJrFMGUC-XijmB6MWr0bUJNzuN7BM"&"1j8R_D0vOt0s8I/edit?usp=sharing"", ""'Master Data TK V0.2 (AUTO)'!V6:V""))"),"") | K26: =IFERROR(__xludf.DUMMYFUNCTION("XLOOKUP($C26, IMPORTRANGE(""https://docs.google.com/spreadsheets/d/1RJrFMGUC-XijmB6MWr0bUJNzuN7BM1j8R_D0vOt0s8I/edit?usp=sharing"", ""'Master Data TK V0.2 (AUTO)'!F6:F""), IMPORTRANGE(""https://docs.google.com/spreadsheets/d/1RJrFMGUC-XijmB6MWr0bUJNzuN7BM"&"1j8R_D0vOt0s8I/edit?usp=sharing"", ""'Master Data TK V0.2 (AUTO)'!W6:W""))"),"") | L26: =IFERROR(__xludf.DUMMYFUNCTION("XLOOKUP($C26, IMPORTRANGE(""https://docs.google.com/spreadsheets/d/1RJrFMGUC-XijmB6MWr0bUJNzuN7BM1j8R_D0vOt0s8I/edit?usp=sharing"", ""'Master Data TK V0.2 (AUTO)'!F6:F""), IMPORTRANGE(""https://docs.google.com/spreadsheets/d/1RJrFMGUC-XijmB6MWr0bUJNzuN7BM"&"1j8R_D0vOt0s8I/edit?usp=sharing"", ""'Master Data TK V0.2 (AUTO)'!X6:X""))"),"")
A27: CRO 1 | B27: Regional Sumut 1 | C27: PT Pancasawit Kurniamas | D27: PT-PKA-01 | E27: {=XLOOKUP(C27,'DATA TK PANEN'!D:D,'DATA TK PANEN'!H:H)} -> Tidak Ditemukan | F27: =IFERROR(__xludf.DUMMYFUNCTION("XLOOKUP(C27, IMPORTRANGE(""https://docs.google.com/spreadsheets/d/1RJrFMGUC-XijmB6MWr0bUJNzuN7BM1j8R_D0vOt0s8I/edit?usp=sharing"", ""'Master Data TK V0.2 (AUTO)'!F6:F""), IMPORTRANGE(""https://docs.google.com/spreadsheets/d/1RJrFMGUC-XijmB6MWr0bUJNzuN7BM1"&"j8R_D0vOt0s8I/edit?usp=sharing"", ""'Master Data TK V0.2 (AUTO)'!S6:S""))"),"-") -> - | G27: =IFERROR(__xludf.DUMMYFUNCTION("XLOOKUP($C27, IMPORTRANGE(""https://docs.google.com/spreadsheets/d/1RJrFMGUC-XijmB6MWr0bUJNzuN7BM1j8R_D0vOt0s8I/edit?usp=sharing"", ""'Master Data TK V0.2 (AUTO)'!F6:F""), IMPORTRANGE(""https://docs.google.com/spreadsheets/d/1RJrFMGUC-XijmB6MWr0bUJNzuN7BM"&"1j8R_D0vOt0s8I/edit?usp=sharing"", ""'Master Data TK V0.2 (AUTO)'!T6:T""))"),"-") -> - | H27: =IFERROR(__xludf.DUMMYFUNCTION("XLOOKUP($C27, IMPORTRANGE(""https://docs.google.com/spreadsheets/d/1RJrFMGUC-XijmB6MWr0bUJNzuN7BM1j8R_D0vOt0s8I/edit?usp=sharing"", ""'Master Data TK V0.2 (AUTO)'!F6:F""), IMPORTRANGE(""https://docs.google.com/spreadsheets/d/1RJrFMGUC-XijmB6MWr0bUJNzuN7BM"&"1j8R_D0vOt0s8I/edit?usp=sharing"", ""'Master Data TK V0.2 (AUTO)'!V6:V""))"),"") | K27: =IFERROR(__xludf.DUMMYFUNCTION("XLOOKUP($C27, IMPORTRANGE(""https://docs.google.com/spreadsheets/d/1RJrFMGUC-XijmB6MWr0bUJNzuN7BM1j8R_D0vOt0s8I/edit?usp=sharing"", ""'Master Data TK V0.2 (AUTO)'!F6:F""), IMPORTRANGE(""https://docs.google.com/spreadsheets/d/1RJrFMGUC-XijmB6MWr0bUJNzuN7BM"&"1j8R_D0vOt0s8I/edit?usp=sharing"", ""'Master Data TK V0.2 (AUTO)'!W6:W""))"),"") | L27: =IFERROR(__xludf.DUMMYFUNCTION("XLOOKUP($C27, IMPORTRANGE(""https://docs.google.com/spreadsheets/d/1RJrFMGUC-XijmB6MWr0bUJNzuN7BM1j8R_D0vOt0s8I/edit?usp=sharing"", ""'Master Data TK V0.2 (AUTO)'!F6:F""), IMPORTRANGE(""https://docs.google.com/spreadsheets/d/1RJrFMGUC-XijmB6MWr0bUJNzuN7BM"&"1j8R_D0vOt0s8I/edit?usp=sharing"", ""'Master Data TK V0.2 (AUTO)'!X6:X""))"),"")
A28: CRO 1 | B28: Regional Sumut 1 | C28: PT Paten Alam Lestari | D28: PT-PAL-04 | E28: {=XLOOKUP(C28,'DATA TK PANEN'!D:D,'DATA TK PANEN'!H:H)} -> 0 | F28: =IFERROR(__xludf.DUMMYFUNCTION("XLOOKUP(C28, IMPORTRANGE(""https://docs.google.com/spreadsheets/d/1RJrFMGUC-XijmB6MWr0bUJNzuN7BM1j8R_D0vOt0s8I/edit?usp=sharing"", ""'Master Data TK V0.2 (AUTO)'!F6:F""), IMPORTRANGE(""https://docs.google.com/spreadsheets/d/1RJrFMGUC-XijmB6MWr0bUJNzuN7BM1"&"j8R_D0vOt0s8I/edit?usp=sharing"", ""'Master Data TK V0.2 (AUTO)'!S6:S""))"),"-") -> - | G28: =IFERROR(__xludf.DUMMYFUNCTION("XLOOKUP($C28, IMPORTRANGE(""https://docs.google.com/spreadsheets/d/1RJrFMGUC-XijmB6MWr0bUJNzuN7BM1j8R_D0vOt0s8I/edit?usp=sharing"", ""'Master Data TK V0.2 (AUTO)'!F6:F""), IMPORTRANGE(""https://docs.google.com/spreadsheets/d/1RJrFMGUC-XijmB6MWr0bUJNzuN7BM"&"1j8R_D0vOt0s8I/edit?usp=sharing"", ""'Master Data TK V0.2 (AUTO)'!T6:T""))"),"-") -> - | H28: =IFERROR(__xludf.DUMMYFUNCTION("XLOOKUP($C28, IMPORTRANGE(""https://docs.google.com/spreadsheets/d/1RJrFMGUC-XijmB6MWr0bUJNzuN7BM1j8R_D0vOt0s8I/edit?usp=sharing"", ""'Master Data TK V0.2 (AUTO)'!F6:F""), IMPORTRANGE(""https://docs.google.com/spreadsheets/d/1RJrFMGUC-XijmB6MWr0bUJNzuN7BM"&"1j8R_D0vOt0s8I/edit?usp=sharing"", ""'Master Data TK V0.2 (AUTO)'!V6:V""))"),"") | K28: =IFERROR(__xludf.DUMMYFUNCTION("XLOOKUP($C28, IMPORTRANGE(""https://docs.google.com/spreadsheets/d/1RJrFMGUC-XijmB6MWr0bUJNzuN7BM1j8R_D0vOt0s8I/edit?usp=sharing"", ""'Master Data TK V0.2 (AUTO)'!F6:F""), IMPORTRANGE(""https://docs.google.com/spreadsheets/d/1RJrFMGUC-XijmB6MWr0bUJNzuN7BM"&"1j8R_D0vOt0s8I/edit?usp=sharing"", ""'Master Data TK V0.2 (AUTO)'!W6:W""))"),"") | L28: =IFERROR(__xludf.DUMMYFUNCTION("XLOOKUP($C28, IMPORTRANGE(""https://docs.google.com/spreadsheets/d/1RJrFMGUC-XijmB6MWr0bUJNzuN7BM1j8R_D0vOt0s8I/edit?usp=sharing"", ""'Master Data TK V0.2 (AUTO)'!F6:F""), IMPORTRANGE(""https://docs.google.com/spreadsheets/d/1RJrFMGUC-XijmB6MWr0bUJNzuN7BM"&"1j8R_D0vOt0s8I/edit?usp=sharing"", ""'Master Data TK V0.2 (AUTO)'!X6:X""))"),"")
A29: CRO 1 | B29: Regional Sumut 1 | C29: PT Perkebunan Inti Sawit Subur | D29: PT-PIS-01 | E29: {=XLOOKUP(C29,'DATA TK PANEN'!D:D,'DATA TK PANEN'!H:H)} -> 0 | F29: =IFERROR(__xludf.DUMMYFUNCTION("XLOOKUP(C29, IMPORTRANGE(""https://docs.google.com/spreadsheets/d/1RJrFMGUC-XijmB6MWr0bUJNzuN7BM1j8R_D0vOt0s8I/edit?usp=sharing"", ""'Master Data TK V0.2 (AUTO)'!F6:F""), IMPORTRANGE(""https://docs.google.com/spreadsheets/d/1RJrFMGUC-XijmB6MWr0bUJNzuN7BM1"&"j8R_D0vOt0s8I/edit?usp=sharing"", ""'Master Data TK V0.2 (AUTO)'!S6:S""))"),"-") -> - | G29: =IFERROR(__xludf.DUMMYFUNCTION("XLOOKUP($C29, IMPORTRANGE(""https://docs.google.com/spreadsheets/d/1RJrFMGUC-XijmB6MWr0bUJNzuN7BM1j8R_D0vOt0s8I/edit?usp=sharing"", ""'Master Data TK V0.2 (AUTO)'!F6:F""), IMPORTRANGE(""https://docs.google.com/spreadsheets/d/1RJrFMGUC-XijmB6MWr0bUJNzuN7BM"&"1j8R_D0vOt0s8I/edit?usp=sharing"", ""'Master Data TK V0.2 (AUTO)'!T6:T""))"),"-") -> - | H29: =IFERROR(__xludf.DUMMYFUNCTION("XLOOKUP($C29, IMPORTRANGE(""https://docs.google.com/spreadsheets/d/1RJrFMGUC-XijmB6MWr0bUJNzuN7BM1j8R_D0vOt0s8I/edit?usp=sharing"", ""'Master Data TK V0.2 (AUTO)'!F6:F""), IMPORTRANGE(""https://docs.google.com/spreadsheets/d/1RJrFMGUC-XijmB6MWr0bUJNzuN7BM"&"1j8R_D0vOt0s8I/edit?usp=sharing"", ""'Master Data TK V0.2 (AUTO)'!V6:V""))"),"") | K29: =IFERROR(__xludf.DUMMYFUNCTION("XLOOKUP($C29, IMPORTRANGE(""https://docs.google.com/spreadsheets/d/1RJrFMGUC-XijmB6MWr0bUJNzuN7BM1j8R_D0vOt0s8I/edit?usp=sharing"", ""'Master Data TK V0.2 (AUTO)'!F6:F""), IMPORTRANGE(""https://docs.google.com/spreadsheets/d/1RJrFMGUC-XijmB6MWr0bUJNzuN7BM"&"1j8R_D0vOt0s8I/edit?usp=sharing"", ""'Master Data TK V0.2 (AUTO)'!W6:W""))"),"") | L29: =IFERROR(__xludf.DUMMYFUNCTION("XLOOKUP($C29, IMPORTRANGE(""https://docs.google.com/spreadsheets/d/1RJrFMGUC-XijmB6MWr0bUJNzuN7BM1j8R_D0vOt0s8I/edit?usp=sharing"", ""'Master Data TK V0.2 (AUTO)'!F6:F""), IMPORTRANGE(""https://docs.google.com/spreadsheets/d/1RJrFMGUC-XijmB6MWr0bUJNzuN7BM"&"1j8R_D0vOt0s8I/edit?usp=sharing"", ""'Master Data TK V0.2 (AUTO)'!X6:X""))"),"")
A30: CRO 1 | B30: Regional Sumut 1 | C30: PT Perkebunan Karetia | D30: PT-PKE-01 | E30: {=XLOOKUP(C30,'DATA TK PANEN'!D:D,'DATA TK PANEN'!H:H)} -> 59.9 | F30: =IFERROR(__xludf.DUMMYFUNCTION("XLOOKUP(C30, IMPORTRANGE(""https://docs.google.com/spreadsheets/d/1RJrFMGUC-XijmB6MWr0bUJNzuN7BM1j8R_D0vOt0s8I/edit?usp=sharing"", ""'Master Data TK V0.2 (AUTO)'!F6:F""), IMPORTRANGE(""https://docs.google.com/spreadsheets/d/1RJrFMGUC-XijmB6MWr0bUJNzuN7BM1"&"j8R_D0vOt0s8I/edit?usp=sharing"", ""'Master Data TK V0.2 (AUTO)'!S6:S""))"),"-") -> - | G30: =IFERROR(__xludf.DUMMYFUNCTION("XLOOKUP($C30, IMPORTRANGE(""https://docs.google.com/spreadsheets/d/1RJrFMGUC-XijmB6MWr0bUJNzuN7BM1j8R_D0vOt0s8I/edit?usp=sharing"", ""'Master Data TK V0.2 (AUTO)'!F6:F""), IMPORTRANGE(""https://docs.google.com/spreadsheets/d/1RJrFMGUC-XijmB6MWr0bUJNzuN7BM"&"1j8R_D0vOt0s8I/edit?usp=sharing"", ""'Master Data TK V0.2 (AUTO)'!T6:T""))"),"-") -> - | H30: =IFERROR(__xludf.DUMMYFUNCTION("XLOOKUP($C30, IMPORTRANGE(""https://docs.google.com/spreadsheets/d/1RJrFMGUC-XijmB6MWr0bUJNzuN7BM1j8R_D0vOt0s8I/edit?usp=sharing"", ""'Master Data TK V0.2 (AUTO)'!F6:F""), IMPORTRANGE(""https://docs.google.com/spreadsheets/d/1RJrFMGUC-XijmB6MWr0bUJNzuN7BM"&"1j8R_D0vOt0s8I/edit?usp=sharing"", ""'Master Data TK V0.2 (AUTO)'!V6:V""))"),"") | K30: =IFERROR(__xludf.DUMMYFUNCTION("XLOOKUP($C30, IMPORTRANGE(""https://docs.google.com/spreadsheets/d/1RJrFMGUC-XijmB6MWr0bUJNzuN7BM1j8R_D0vOt0s8I/edit?usp=sharing"", ""'Master Data TK V0.2 (AUTO)'!F6:F""), IMPORTRANGE(""https://docs.google.com/spreadsheets/d/1RJrFMGUC-XijmB6MWr0bUJNzuN7BM"&"1j8R_D0vOt0s8I/edit?usp=sharing"", ""'Master Data TK V0.2 (AUTO)'!W6:W""))"),"") | L30: =IFERROR(__xludf.DUMMYFUNCTION("XLOOKUP($C30, IMPORTRANGE(""https://docs.google.com/spreadsheets/d/1RJrFMGUC-XijmB6MWr0bUJNzuN7BM1j8R_D0vOt0s8I/edit?usp=sharing"", ""'Master Data TK V0.2 (AUTO)'!F6:F""), IMPORTRANGE(""https://docs.google.com/spreadsheets/d/1RJrFMGUC-XijmB6MWr0bUJNzuN7BM"&"1j8R_D0vOt0s8I/edit?usp=sharing"", ""'Master Data TK V0.2 (AUTO)'!X6:X""))"),"")
A31: CRO 1 | B31: Regional Sumut 1 | C31: PT Perkebunan Nusantara I (Eks PTPN II) | D31: PT-PNI-01 | E31: {=XLOOKUP(C31,'DATA TK PANEN'!D:D,'DATA TK PANEN'!H:H)} -> 0 | F31: =IFERROR(__xludf.DUMMYFUNCTION("XLOOKUP(C31, IMPORTRANGE(""https://docs.google.com/spreadsheets/d/1RJrFMGUC-XijmB6MWr0bUJNzuN7BM1j8R_D0vOt0s8I/edit?usp=sharing"", ""'Master Data TK V0.2 (AUTO)'!F6:F""), IMPORTRANGE(""https://docs.google.com/spreadsheets/d/1RJrFMGUC-XijmB6MWr0bUJNzuN7BM1"&"j8R_D0vOt0s8I/edit?usp=sharing"", ""'Master Data TK V0.2 (AUTO)'!S6:S""))"),"-") -> - | G31: =IFERROR(__xludf.DUMMYFUNCTION("XLOOKUP($C31, IMPORTRANGE(""https://docs.google.com/spreadsheets/d/1RJrFMGUC-XijmB6MWr0bUJNzuN7BM1j8R_D0vOt0s8I/edit?usp=sharing"", ""'Master Data TK V0.2 (AUTO)'!F6:F""), IMPORTRANGE(""https://docs.google.com/spreadsheets/d/1RJrFMGUC-XijmB6MWr0bUJNzuN7BM"&"1j8R_D0vOt0s8I/edit?usp=sharing"", ""'Master Data TK V0.2 (AUTO)'!T6:T""))"),"-") -> - | H31: =IFERROR(__xludf.DUMMYFUNCTION("XLOOKUP($C31, IMPORTRANGE(""https://docs.google.com/spreadsheets/d/1RJrFMGUC-XijmB6MWr0bUJNzuN7BM1j8R_D0vOt0s8I/edit?usp=sharing"", ""'Master Data TK V0.2 (AUTO)'!F6:F""), IMPORTRANGE(""https://docs.google.com/spreadsheets/d/1RJrFMGUC-XijmB6MWr0bUJNzuN7BM"&"1j8R_D0vOt0s8I/edit?usp=sharing"", ""'Master Data TK V0.2 (AUTO)'!V6:V""))"),"") | K31: =IFERROR(__xludf.DUMMYFUNCTION("XLOOKUP($C31, IMPORTRANGE(""https://docs.google.com/spreadsheets/d/1RJrFMGUC-XijmB6MWr0bUJNzuN7BM1j8R_D0vOt0s8I/edit?usp=sharing"", ""'Master Data TK V0.2 (AUTO)'!F6:F""), IMPORTRANGE(""https://docs.google.com/spreadsheets/d/1RJrFMGUC-XijmB6MWr0bUJNzuN7BM"&"1j8R_D0vOt0s8I/edit?usp=sharing"", ""'Master Data TK V0.2 (AUTO)'!W6:W""))"),"") | L31: =IFERROR(__xludf.DUMMYFUNCTION("XLOOKUP($C31, IMPORTRANGE(""https://docs.google.com/spreadsheets/d/1RJrFMGUC-XijmB6MWr0bUJNzuN7BM1j8R_D0vOt0s8I/edit?usp=sharing"", ""'Master Data TK V0.2 (AUTO)'!F6:F""), IMPORTRANGE(""https://docs.google.com/spreadsheets/d/1RJrFMGUC-XijmB6MWr0bUJNzuN7BM"&"1j8R_D0vOt0s8I/edit?usp=sharing"", ""'Master Data TK V0.2 (AUTO)'!X6:X""))"),"")
A32: CRO 1 | B32: Regional Sumut 1 | C32: PT Perkebunan Sungai Wang | D32: PT-PSW-01 | E32: {=XLOOKUP(C32,'DATA TK PANEN'!D:D,'DATA TK PANEN'!H:H)} -> Tidak Ditemukan | F32: =IFERROR(__xludf.DUMMYFUNCTION("XLOOKUP(C32, IMPORTRANGE(""https://docs.google.com/spreadsheets/d/1RJrFMGUC-XijmB6MWr0bUJNzuN7BM1j8R_D0vOt0s8I/edit?usp=sharing"", ""'Master Data TK V0.2 (AUTO)'!F6:F""), IMPORTRANGE(""https://docs.google.com/spreadsheets/d/1RJrFMGUC-XijmB6MWr0bUJNzuN7BM1"&"j8R_D0vOt0s8I/edit?usp=sharing"", ""'Master Data TK V0.2 (AUTO)'!S6:S""))"),"-") -> - | G32: =IFERROR(__xludf.DUMMYFUNCTION("XLOOKUP($C32, IMPORTRANGE(""https://docs.google.com/spreadsheets/d/1RJrFMGUC-XijmB6MWr0bUJNzuN7BM1j8R_D0vOt0s8I/edit?usp=sharing"", ""'Master Data TK V0.2 (AUTO)'!F6:F""), IMPORTRANGE(""https://docs.google.com/spreadsheets/d/1RJrFMGUC-XijmB6MWr0bUJNzuN7BM"&"1j8R_D0vOt0s8I/edit?usp=sharing"", ""'Master Data TK V0.2 (AUTO)'!T6:T""))"),"-") -> - | H32: =IFERROR(__xludf.DUMMYFUNCTION("XLOOKUP($C32, IMPORTRANGE(""https://docs.google.com/spreadsheets/d/1RJrFMGUC-XijmB6MWr0bUJNzuN7BM1j8R_D0vOt0s8I/edit?usp=sharing"", ""'Master Data TK V0.2 (AUTO)'!F6:F""), IMPORTRANGE(""https://docs.google.com/spreadsheets/d/1RJrFMGUC-XijmB6MWr0bUJNzuN7BM"&"1j8R_D0vOt0s8I/edit?usp=sharing"", ""'Master Data TK V0.2 (AUTO)'!V6:V""))"),"") | K32: =IFERROR(__xludf.DUMMYFUNCTION("XLOOKUP($C32, IMPORTRANGE(""https://docs.google.com/spreadsheets/d/1RJrFMGUC-XijmB6MWr0bUJNzuN7BM1j8R_D0vOt0s8I/edit?usp=sharing"", ""'Master Data TK V0.2 (AUTO)'!F6:F""), IMPORTRANGE(""https://docs.google.com/spreadsheets/d/1RJrFMGUC-XijmB6MWr0bUJNzuN7BM"&"1j8R_D0vOt0s8I/edit?usp=sharing"", ""'Master Data TK V0.2 (AUTO)'!W6:W""))"),"") | L32: =IFERROR(__xludf.DUMMYFUNCTION("XLOOKUP($C32, IMPORTRANGE(""https://docs.google.com/spreadsheets/d/1RJrFMGUC-XijmB6MWr0bUJNzuN7BM1j8R_D0vOt0s8I/edit?usp=sharing"", ""'Master Data TK V0.2 (AUTO)'!F6:F""), IMPORTRANGE(""https://docs.google.com/spreadsheets/d/1RJrFMGUC-XijmB6MWr0bUJNzuN7BM"&"1j8R_D0vOt0s8I/edit?usp=sharing"", ""'Master Data TK V0.2 (AUTO)'!X6:X""))"),"")
A33: CRO 1 | B33: Regional Sumut 1 | C33: PT Permata Hijau Sawit | D33: PT-PHS-01 | E33: {=XLOOKUP(C33,'DATA TK PANEN'!D:D,'DATA TK PANEN'!H:H)} -> Tidak Ditemukan | F33: =IFERROR(__xludf.DUMMYFUNCTION("XLOOKUP(C33, IMPORTRANGE(""https://docs.google.com/spreadsheets/d/1RJrFMGUC-XijmB6MWr0bUJNzuN7BM1j8R_D0vOt0s8I/edit?usp=sharing"", ""'Master Data TK V0.2 (AUTO)'!F6:F""), IMPORTRANGE(""https://docs.google.com/spreadsheets/d/1RJrFMGUC-XijmB6MWr0bUJNzuN7BM1"&"j8R_D0vOt0s8I/edit?usp=sharing"", ""'Master Data TK V0.2 (AUTO)'!S6:S""))"),"-") -> - | G33: =IFERROR(__xludf.DUMMYFUNCTION("XLOOKUP($C33, IMPORTRANGE(""https://docs.google.com/spreadsheets/d/1RJrFMGUC-XijmB6MWr0bUJNzuN7BM1j8R_D0vOt0s8I/edit?usp=sharing"", ""'Master Data TK V0.2 (AUTO)'!F6:F""), IMPORTRANGE(""https://docs.google.com/spreadsheets/d/1RJrFMGUC-XijmB6MWr0bUJNzuN7BM"&"1j8R_D0vOt0s8I/edit?usp=sharing"", ""'Master Data TK V0.2 (AUTO)'!T6:T""))"),"-") -> - | H33: =IFERROR(__xludf.DUMMYFUNCTION("XLOOKUP($C33, IMPORTRANGE(""https://docs.google.com/spreadsheets/d/1RJrFMGUC-XijmB6MWr0bUJNzuN7BM1j8R_D0vOt0s8I/edit?usp=sharing"", ""'Master Data TK V0.2 (AUTO)'!F6:F""), IMPORTRANGE(""https://docs.google.com/spreadsheets/d/1RJrFMGUC-XijmB6MWr0bUJNzuN7BM"&"1j8R_D0vOt0s8I/edit?usp=sharing"", ""'Master Data TK V0.2 (AUTO)'!V6:V""))"),"") | K33: =IFERROR(__xludf.DUMMYFUNCTION("XLOOKUP($C33, IMPORTRANGE(""https://docs.google.com/spreadsheets/d/1RJrFMGUC-XijmB6MWr0bUJNzuN7BM1j8R_D0vOt0s8I/edit?usp=sharing"", ""'Master Data TK V0.2 (AUTO)'!F6:F""), IMPORTRANGE(""https://docs.google.com/spreadsheets/d/1RJrFMGUC-XijmB6MWr0bUJNzuN7BM"&"1j8R_D0vOt0s8I/edit?usp=sharing"", ""'Master Data TK V0.2 (AUTO)'!W6:W""))"),"") | L33: =IFERROR(__xludf.DUMMYFUNCTION("XLOOKUP($C33, IMPORTRANGE(""https://docs.google.com/spreadsheets/d/1RJrFMGUC-XijmB6MWr0bUJNzuN7BM1j8R_D0vOt0s8I/edit?usp=sharing"", ""'Master Data TK V0.2 (AUTO)'!F6:F""), IMPORTRANGE(""https://docs.google.com/spreadsheets/d/1RJrFMGUC-XijmB6MWr0bUJNzuN7BM"&"1j8R_D0vOt0s8I/edit?usp=sharing"", ""'Master Data TK V0.2 (AUTO)'!X6:X""))"),"")
A34: CRO 1 | B34: Regional Sumut 1 | C34: PT Perusahaan Perkebunan & Dagangan Indah Pontjan (1) | D34: PT-PP&-01 | E34: {=XLOOKUP(C34,'DATA TK PANEN'!D:D,'DATA TK PANEN'!H:H)} -> 0 | F34: =IFERROR(__xludf.DUMMYFUNCTION("XLOOKUP(C34, IMPORTRANGE(""https://docs.google.com/spreadsheets/d/1RJrFMGUC-XijmB6MWr0bUJNzuN7BM1j8R_D0vOt0s8I/edit?usp=sharing"", ""'Master Data TK V0.2 (AUTO)'!F6:F""), IMPORTRANGE(""https://docs.google.com/spreadsheets/d/1RJrFMGUC-XijmB6MWr0bUJNzuN7BM1"&"j8R_D0vOt0s8I/edit?usp=sharing"", ""'Master Data TK V0.2 (AUTO)'!S6:S""))"),"-") -> - | G34: =IFERROR(__xludf.DUMMYFUNCTION("XLOOKUP($C34, IMPORTRANGE(""https://docs.google.com/spreadsheets/d/1RJrFMGUC-XijmB6MWr0bUJNzuN7BM1j8R_D0vOt0s8I/edit?usp=sharing"", ""'Master Data TK V0.2 (AUTO)'!F6:F""), IMPORTRANGE(""https://docs.google.com/spreadsheets/d/1RJrFMGUC-XijmB6MWr0bUJNzuN7BM"&"1j8R_D0vOt0s8I/edit?usp=sharing"", ""'Master Data TK V0.2 (AUTO)'!T6:T""))"),"-") -> - | H34: =IFERROR(__xludf.DUMMYFUNCTION("XLOOKUP($C34, IMPORTRANGE(""https://docs.google.com/spreadsheets/d/1RJrFMGUC-XijmB6MWr0bUJNzuN7BM1j8R_D0vOt0s8I/edit?usp=sharing"", ""'Master Data TK V0.2 (AUTO)'!F6:F""), IMPORTRANGE(""https://docs.google.com/spreadsheets/d/1RJrFMGUC-XijmB6MWr0bUJNzuN7BM"&"1j8R_D0vOt0s8I/edit?usp=sharing"", ""'Master Data TK V0.2 (AUTO)'!V6:V""))"),"") | K34: =IFERROR(__xludf.DUMMYFUNCTION("XLOOKUP($C34, IMPORTRANGE(""https://docs.google.com/spreadsheets/d/1RJrFMGUC-XijmB6MWr0bUJNzuN7BM1j8R_D0vOt0s8I/edit?usp=sharing"", ""'Master Data TK V0.2 (AUTO)'!F6:F""), IMPORTRANGE(""https://docs.google.com/spreadsheets/d/1RJrFMGUC-XijmB6MWr0bUJNzuN7BM"&"1j8R_D0vOt0s8I/edit?usp=sharing"", ""'Master Data TK V0.2 (AUTO)'!W6:W""))"),"") | L34: =IFERROR(__xludf.DUMMYFUNCTION("XLOOKUP($C34, IMPORTRANGE(""https://docs.google.com/spreadsheets/d/1RJrFMGUC-XijmB6MWr0bUJNzuN7BM1j8R_D0vOt0s8I/edit?usp=sharing"", ""'Master Data TK V0.2 (AUTO)'!F6:F""), IMPORTRANGE(""https://docs.google.com/spreadsheets/d/1RJrFMGUC-XijmB6MWr0bUJNzuN7BM"&"1j8R_D0vOt0s8I/edit?usp=sharing"", ""'Master Data TK V0.2 (AUTO)'!X6:X""))"),"")
A35: CRO 1 | B35: Regional Sumut 1 | C35: PT Perusahaan Perkebunan & Dagangan Indah Pontjan (2) | D35: PT-PP&-02 | E35: {=XLOOKUP(C35,'DATA TK PANEN'!D:D,'DATA TK PANEN'!H:H)} -> 0 | F35: =IFERROR(__xludf.DUMMYFUNCTION("XLOOKUP(C35, IMPORTRANGE(""https://docs.google.com/spreadsheets/d/1RJrFMGUC-XijmB6MWr0bUJNzuN7BM1j8R_D0vOt0s8I/edit?usp=sharing"", ""'Master Data TK V0.2 (AUTO)'!F6:F""), IMPORTRANGE(""https://docs.google.com/spreadsheets/d/1RJrFMGUC-XijmB6MWr0bUJNzuN7BM1"&"j8R_D0vOt0s8I/edit?usp=sharing"", ""'Master Data TK V0.2 (AUTO)'!S6:S""))"),"-") -> - | G35: =IFERROR(__xludf.DUMMYFUNCTION("XLOOKUP($C35, IMPORTRANGE(""https://docs.google.com/spreadsheets/d/1RJrFMGUC-XijmB6MWr0bUJNzuN7BM1j8R_D0vOt0s8I/edit?usp=sharing"", ""'Master Data TK V0.2 (AUTO)'!F6:F""), IMPORTRANGE(""https://docs.google.com/spreadsheets/d/1RJrFMGUC-XijmB6MWr0bUJNzuN7BM"&"1j8R_D0vOt0s8I/edit?usp=sharing"", ""'Master Data TK V0.2 (AUTO)'!T6:T""))"),"-") -> - | H35: =IFERROR(__xludf.DUMMYFUNCTION("XLOOKUP($C35, IMPORTRANGE(""https://docs.google.com/spreadsheets/d/1RJrFMGUC-XijmB6MWr0bUJNzuN7BM1j8R_D0vOt0s8I/edit?usp=sharing"", ""'Master Data TK V0.2 (AUTO)'!F6:F""), IMPORTRANGE(""https://docs.google.com/spreadsheets/d/1RJrFMGUC-XijmB6MWr0bUJNzuN7BM"&"1j8R_D0vOt0s8I/edit?usp=sharing"", ""'Master Data TK V0.2 (AUTO)'!V6:V""))"),"") | K35: =IFERROR(__xludf.DUMMYFUNCTION("XLOOKUP($C35, IMPORTRANGE(""https://docs.google.com/spreadsheets/d/1RJrFMGUC-XijmB6MWr0bUJNzuN7BM1j8R_D0vOt0s8I/edit?usp=sharing"", ""'Master Data TK V0.2 (AUTO)'!F6:F""), IMPORTRANGE(""https://docs.google.com/spreadsheets/d/1RJrFMGUC-XijmB6MWr0bUJNzuN7BM"&"1j8R_D0vOt0s8I/edit?usp=sharing"", ""'Master Data TK V0.2 (AUTO)'!W6:W""))"),"") | L35: =IFERROR(__xludf.DUMMYFUNCTION("XLOOKUP($C35, IMPORTRANGE(""https://docs.google.com/spreadsheets/d/1RJrFMGUC-XijmB6MWr0bUJNzuN7BM1j8R_D0vOt0s8I/edit?usp=sharing"", ""'Master Data TK V0.2 (AUTO)'!F6:F""), IMPORTRANGE(""https://docs.google.com/spreadsheets/d/1RJrFMGUC-XijmB6MWr0bUJNzuN7BM"&"1j8R_D0vOt0s8I/edit?usp=sharing"", ""'Master Data TK V0.2 (AUTO)'!X6:X""))"),"")
A36: CRO 1 | B36: Regional Sumut 1 | C36: PT Samukti Karya Lestari | D36: PT-SKL-01 | E36: {=XLOOKUP(C36,'DATA TK PANEN'!D:D,'DATA TK PANEN'!H:H)} -> Tidak Ditemukan | F36: =IFERROR(__xludf.DUMMYFUNCTION("XLOOKUP(C36, IMPORTRANGE(""https://docs.google.com/spreadsheets/d/1RJrFMGUC-XijmB6MWr0bUJNzuN7BM1j8R_D0vOt0s8I/edit?usp=sharing"", ""'Master Data TK V0.2 (AUTO)'!F6:F""), IMPORTRANGE(""https://docs.google.com/spreadsheets/d/1RJrFMGUC-XijmB6MWr0bUJNzuN7BM1"&"j8R_D0vOt0s8I/edit?usp=sharing"", ""'Master Data TK V0.2 (AUTO)'!S6:S""))"),"-") -> - | G36: =IFERROR(__xludf.DUMMYFUNCTION("XLOOKUP($C36, IMPORTRANGE(""https://docs.google.com/spreadsheets/d/1RJrFMGUC-XijmB6MWr0bUJNzuN7BM1j8R_D0vOt0s8I/edit?usp=sharing"", ""'Master Data TK V0.2 (AUTO)'!F6:F""), IMPORTRANGE(""https://docs.google.com/spreadsheets/d/1RJrFMGUC-XijmB6MWr0bUJNzuN7BM"&"1j8R_D0vOt0s8I/edit?usp=sharing"", ""'Master Data TK V0.2 (AUTO)'!T6:T""))"),"-") -> - | H36: =IFERROR(__xludf.DUMMYFUNCTION("XLOOKUP($C36, IMPORTRANGE(""https://docs.google.com/spreadsheets/d/1RJrFMGUC-XijmB6MWr0bUJNzuN7BM1j8R_D0vOt0s8I/edit?usp=sharing"", ""'Master Data TK V0.2 (AUTO)'!F6:F""), IMPORTRANGE(""https://docs.google.com/spreadsheets/d/1RJrFMGUC-XijmB6MWr0bUJNzuN7BM"&"1j8R_D0vOt0s8I/edit?usp=sharing"", ""'Master Data TK V0.2 (AUTO)'!V6:V""))"),"") | K36: =IFERROR(__xludf.DUMMYFUNCTION("XLOOKUP($C36, IMPORTRANGE(""https://docs.google.com/spreadsheets/d/1RJrFMGUC-XijmB6MWr0bUJNzuN7BM1j8R_D0vOt0s8I/edit?usp=sharing"", ""'Master Data TK V0.2 (AUTO)'!F6:F""), IMPORTRANGE(""https://docs.google.com/spreadsheets/d/1RJrFMGUC-XijmB6MWr0bUJNzuN7BM"&"1j8R_D0vOt0s8I/edit?usp=sharing"", ""'Master Data TK V0.2 (AUTO)'!W6:W""))"),"") | L36: =IFERROR(__xludf.DUMMYFUNCTION("XLOOKUP($C36, IMPORTRANGE(""https://docs.google.com/spreadsheets/d/1RJrFMGUC-XijmB6MWr0bUJNzuN7BM1j8R_D0vOt0s8I/edit?usp=sharing"", ""'Master Data TK V0.2 (AUTO)'!F6:F""), IMPORTRANGE(""https://docs.google.com/spreadsheets/d/1RJrFMGUC-XijmB6MWr0bUJNzuN7BM"&"1j8R_D0vOt0s8I/edit?usp=sharing"", ""'Master Data TK V0.2 (AUTO)'!X6:X""))"),"")
A37: CRO 1 | B37: Regional Sumut 1 | C37: PT Sari Persada Raya | D37: PT-SPR-01 | E37: {=XLOOKUP(C37,'DATA TK PANEN'!D:D,'DATA TK PANEN'!H:H)} -> Tidak Ditemukan | F37: =IFERROR(__xludf.DUMMYFUNCTION("XLOOKUP(C37, IMPORTRANGE(""https://docs.google.com/spreadsheets/d/1RJrFMGUC-XijmB6MWr0bUJNzuN7BM1j8R_D0vOt0s8I/edit?usp=sharing"", ""'Master Data TK V0.2 (AUTO)'!F6:F""), IMPORTRANGE(""https://docs.google.com/spreadsheets/d/1RJrFMGUC-XijmB6MWr0bUJNzuN7BM1"&"j8R_D0vOt0s8I/edit?usp=sharing"", ""'Master Data TK V0.2 (AUTO)'!S6:S""))"),"-") -> - | G37: =IFERROR(__xludf.DUMMYFUNCTION("XLOOKUP($C37, IMPORTRANGE(""https://docs.google.com/spreadsheets/d/1RJrFMGUC-XijmB6MWr0bUJNzuN7BM1j8R_D0vOt0s8I/edit?usp=sharing"", ""'Master Data TK V0.2 (AUTO)'!F6:F""), IMPORTRANGE(""https://docs.google.com/spreadsheets/d/1RJrFMGUC-XijmB6MWr0bUJNzuN7BM"&"1j8R_D0vOt0s8I/edit?usp=sharing"", ""'Master Data TK V0.2 (AUTO)'!T6:T""))"),"-") -> - | H37: =IFERROR(__xludf.DUMMYFUNCTION("XLOOKUP($C37, IMPORTRANGE(""https://docs.google.com/spreadsheets/d/1RJrFMGUC-XijmB6MWr0bUJNzuN7BM1j8R_D0vOt0s8I/edit?usp=sharing"", ""'Master Data TK V0.2 (AUTO)'!F6:F""), IMPORTRANGE(""https://docs.google.com/spreadsheets/d/1RJrFMGUC-XijmB6MWr0bUJNzuN7BM"&"1j8R_D0vOt0s8I/edit?usp=sharing"", ""'Master Data TK V0.2 (AUTO)'!V6:V""))"),"") | K37: =IFERROR(__xludf.DUMMYFUNCTION("XLOOKUP($C37, IMPORTRANGE(""https://docs.google.com/spreadsheets/d/1RJrFMGUC-XijmB6MWr0bUJNzuN7BM1j8R_D0vOt0s8I/edit?usp=sharing"", ""'Master Data TK V0.2 (AUTO)'!F6:F""), IMPORTRANGE(""https://docs.google.com/spreadsheets/d/1RJrFMGUC-XijmB6MWr0bUJNzuN7BM"&"1j8R_D0vOt0s8I/edit?usp=sharing"", ""'Master Data TK V0.2 (AUTO)'!W6:W""))"),"") | L37: =IFERROR(__xludf.DUMMYFUNCTION("XLOOKUP($C37, IMPORTRANGE(""https://docs.google.com/spreadsheets/d/1RJrFMGUC-XijmB6MWr0bUJNzuN7BM1j8R_D0vOt0s8I/edit?usp=sharing"", ""'Master Data TK V0.2 (AUTO)'!F6:F""), IMPORTRANGE(""https://docs.google.com/spreadsheets/d/1RJrFMGUC-XijmB6MWr0bUJNzuN7BM"&"1j8R_D0vOt0s8I/edit?usp=sharing"", ""'Master Data TK V0.2 (AUTO)'!X6:X""))"),"")
A38: CRO 1 | B38: Regional Sumut 1 | C38: PT Sawit Indah Abadi | D38: PT-SIA-01 | E38: {=XLOOKUP(C38,'DATA TK PANEN'!D:D,'DATA TK PANEN'!H:H)} -> 0 | F38: =IFERROR(__xludf.DUMMYFUNCTION("XLOOKUP(C38, IMPORTRANGE(""https://docs.google.com/spreadsheets/d/1RJrFMGUC-XijmB6MWr0bUJNzuN7BM1j8R_D0vOt0s8I/edit?usp=sharing"", ""'Master Data TK V0.2 (AUTO)'!F6:F""), IMPORTRANGE(""https://docs.google.com/spreadsheets/d/1RJrFMGUC-XijmB6MWr0bUJNzuN7BM1"&"j8R_D0vOt0s8I/edit?usp=sharing"", ""'Master Data TK V0.2 (AUTO)'!S6:S""))"),"-") -> - | G38: =IFERROR(__xludf.DUMMYFUNCTION("XLOOKUP($C38, IMPORTRANGE(""https://docs.google.com/spreadsheets/d/1RJrFMGUC-XijmB6MWr0bUJNzuN7BM1j8R_D0vOt0s8I/edit?usp=sharing"", ""'Master Data TK V0.2 (AUTO)'!F6:F""), IMPORTRANGE(""https://docs.google.com/spreadsheets/d/1RJrFMGUC-XijmB6MWr0bUJNzuN7BM"&"1j8R_D0vOt0s8I/edit?usp=sharing"", ""'Master Data TK V0.2 (AUTO)'!T6:T""))"),"-") -> - | H38: =IFERROR(__xludf.DUMMYFUNCTION("XLOOKUP($C38, IMPORTRANGE(""https://docs.google.com/spreadsheets/d/1RJrFMGUC-XijmB6MWr0bUJNzuN7BM1j8R_D0vOt0s8I/edit?usp=sharing"", ""'Master Data TK V0.2 (AUTO)'!F6:F""), IMPORTRANGE(""https://docs.google.com/spreadsheets/d/1RJrFMGUC-XijmB6MWr0bUJNzuN7BM"&"1j8R_D0vOt0s8I/edit?usp=sharing"", ""'Master Data TK V0.2 (AUTO)'!V6:V""))"),"") | K38: =IFERROR(__xludf.DUMMYFUNCTION("XLOOKUP($C38, IMPORTRANGE(""https://docs.google.com/spreadsheets/d/1RJrFMGUC-XijmB6MWr0bUJNzuN7BM1j8R_D0vOt0s8I/edit?usp=sharing"", ""'Master Data TK V0.2 (AUTO)'!F6:F""), IMPORTRANGE(""https://docs.google.com/spreadsheets/d/1RJrFMGUC-XijmB6MWr0bUJNzuN7BM"&"1j8R_D0vOt0s8I/edit?usp=sharing"", ""'Master Data TK V0.2 (AUTO)'!W6:W""))"),"") | L38: =IFERROR(__xludf.DUMMYFUNCTION("XLOOKUP($C38, IMPORTRANGE(""https://docs.google.com/spreadsheets/d/1RJrFMGUC-XijmB6MWr0bUJNzuN7BM1j8R_D0vOt0s8I/edit?usp=sharing"", ""'Master Data TK V0.2 (AUTO)'!F6:F""), IMPORTRANGE(""https://docs.google.com/spreadsheets/d/1RJrFMGUC-XijmB6MWr0bUJNzuN7BM"&"1j8R_D0vOt0s8I/edit?usp=sharing"", ""'Master Data TK V0.2 (AUTO)'!X6:X""))"),"")
A39: CRO 1 | B39: Regional Sumut 1 | C39: PT Sawit Tetap Subur | D39: PT-STS-01 | E39: {=XLOOKUP(C39,'DATA TK PANEN'!D:D,'DATA TK PANEN'!H:H)} -> Tidak Ditemukan | F39: =IFERROR(__xludf.DUMMYFUNCTION("XLOOKUP(C39, IMPORTRANGE(""https://docs.google.com/spreadsheets/d/1RJrFMGUC-XijmB6MWr0bUJNzuN7BM1j8R_D0vOt0s8I/edit?usp=sharing"", ""'Master Data TK V0.2 (AUTO)'!F6:F""), IMPORTRANGE(""https://docs.google.com/spreadsheets/d/1RJrFMGUC-XijmB6MWr0bUJNzuN7BM1"&"j8R_D0vOt0s8I/edit?usp=sharing"", ""'Master Data TK V0.2 (AUTO)'!S6:S""))"),"-") -> - | G39: =IFERROR(__xludf.DUMMYFUNCTION("XLOOKUP($C39, IMPORTRANGE(""https://docs.google.com/spreadsheets/d/1RJrFMGUC-XijmB6MWr0bUJNzuN7BM1j8R_D0vOt0s8I/edit?usp=sharing"", ""'Master Data TK V0.2 (AUTO)'!F6:F""), IMPORTRANGE(""https://docs.google.com/spreadsheets/d/1RJrFMGUC-XijmB6MWr0bUJNzuN7BM"&"1j8R_D0vOt0s8I/edit?usp=sharing"", ""'Master Data TK V0.2 (AUTO)'!T6:T""))"),"-") -> - | H39: =IFERROR(__xludf.DUMMYFUNCTION("XLOOKUP($C39, IMPORTRANGE(""https://docs.google.com/spreadsheets/d/1RJrFMGUC-XijmB6MWr0bUJNzuN7BM1j8R_D0vOt0s8I/edit?usp=sharing"", ""'Master Data TK V0.2 (AUTO)'!F6:F""), IMPORTRANGE(""https://docs.google.com/spreadsheets/d/1RJrFMGUC-XijmB6MWr0bUJNzuN7BM"&"1j8R_D0vOt0s8I/edit?usp=sharing"", ""'Master Data TK V0.2 (AUTO)'!V6:V""))"),"") | K39: =IFERROR(__xludf.DUMMYFUNCTION("XLOOKUP($C39, IMPORTRANGE(""https://docs.google.com/spreadsheets/d/1RJrFMGUC-XijmB6MWr0bUJNzuN7BM1j8R_D0vOt0s8I/edit?usp=sharing"", ""'Master Data TK V0.2 (AUTO)'!F6:F""), IMPORTRANGE(""https://docs.google.com/spreadsheets/d/1RJrFMGUC-XijmB6MWr0bUJNzuN7BM"&"1j8R_D0vOt0s8I/edit?usp=sharing"", ""'Master Data TK V0.2 (AUTO)'!W6:W""))"),"") | L39: =IFERROR(__xludf.DUMMYFUNCTION("XLOOKUP($C39, IMPORTRANGE(""https://docs.google.com/spreadsheets/d/1RJrFMGUC-XijmB6MWr0bUJNzuN7BM1j8R_D0vOt0s8I/edit?usp=sharing"", ""'Master Data TK V0.2 (AUTO)'!F6:F""), IMPORTRANGE(""https://docs.google.com/spreadsheets/d/1RJrFMGUC-XijmB6MWr0bUJNzuN7BM"&"1j8R_D0vOt0s8I/edit?usp=sharing"", ""'Master Data TK V0.2 (AUTO)'!X6:X""))"),"")
A40: CRO 1 | B40: Regional Sumut 1 | C40: PT Sekoci | D40: PT-SEK-01 | E40: {=XLOOKUP(C40,'DATA TK PANEN'!D:D,'DATA TK PANEN'!H:H)} -> 0 | F40: =IFERROR(__xludf.DUMMYFUNCTION("XLOOKUP(C40, IMPORTRANGE(""https://docs.google.com/spreadsheets/d/1RJrFMGUC-XijmB6MWr0bUJNzuN7BM1j8R_D0vOt0s8I/edit?usp=sharing"", ""'Master Data TK V0.2 (AUTO)'!F6:F""), IMPORTRANGE(""https://docs.google.com/spreadsheets/d/1RJrFMGUC-XijmB6MWr0bUJNzuN7BM1"&"j8R_D0vOt0s8I/edit?usp=sharing"", ""'Master Data TK V0.2 (AUTO)'!S6:S""))"),"-") -> - | G40: =IFERROR(__xludf.DUMMYFUNCTION("XLOOKUP($C40, IMPORTRANGE(""https://docs.google.com/spreadsheets/d/1RJrFMGUC-XijmB6MWr0bUJNzuN7BM1j8R_D0vOt0s8I/edit?usp=sharing"", ""'Master Data TK V0.2 (AUTO)'!F6:F""), IMPORTRANGE(""https://docs.google.com/spreadsheets/d/1RJrFMGUC-XijmB6MWr0bUJNzuN7BM"&"1j8R_D0vOt0s8I/edit?usp=sharing"", ""'Master Data TK V0.2 (AUTO)'!T6:T""))"),"-") -> - | H40: =IFERROR(__xludf.DUMMYFUNCTION("XLOOKUP($C40, IMPORTRANGE(""https://docs.google.com/spreadsheets/d/1RJrFMGUC-XijmB6MWr0bUJNzuN7BM1j8R_D0vOt0s8I/edit?usp=sharing"", ""'Master Data TK V0.2 (AUTO)'!F6:F""), IMPORTRANGE(""https://docs.google.com/spreadsheets/d/1RJrFMGUC-XijmB6MWr0bUJNzuN7BM"&"1j8R_D0vOt0s8I/edit?usp=sharing"", ""'Master Data TK V0.2 (AUTO)'!V6:V""))"),"") | K40: =IFERROR(__xludf.DUMMYFUNCTION("XLOOKUP($C40, IMPORTRANGE(""https://docs.google.com/spreadsheets/d/1RJrFMGUC-XijmB6MWr0bUJNzuN7BM1j8R_D0vOt0s8I/edit?usp=sharing"", ""'Master Data TK V0.2 (AUTO)'!F6:F""), IMPORTRANGE(""https://docs.google.com/spreadsheets/d/1RJrFMGUC-XijmB6MWr0bUJNzuN7BM"&"1j8R_D0vOt0s8I/edit?usp=sharing"", ""'Master Data TK V0.2 (AUTO)'!W6:W""))"),"") | L40: =IFERROR(__xludf.DUMMYFUNCTION("XLOOKUP($C40, IMPORTRANGE(""https://docs.google.com/spreadsheets/d/1RJrFMGUC-XijmB6MWr0bUJNzuN7BM1j8R_D0vOt0s8I/edit?usp=sharing"", ""'Master Data TK V0.2 (AUTO)'!F6:F""), IMPORTRANGE(""https://docs.google.com/spreadsheets/d/1RJrFMGUC-XijmB6MWr0bUJNzuN7BM"&"1j8R_D0vOt0s8I/edit?usp=sharing"", ""'Master Data TK V0.2 (AUTO)'!X6:X""))"),"")
A41: CRO 1 | B41: Regional Sumut 1 | C41: PT Sibuah Raya | D41: PT-SRI-01 | E41: {=XLOOKUP(C41,'DATA TK PANEN'!D:D,'DATA TK PANEN'!H:H)} -> 233.62 | F41: =IFERROR(__xludf.DUMMYFUNCTION("XLOOKUP(C41, IMPORTRANGE(""https://docs.google.com/spreadsheets/d/1RJrFMGUC-XijmB6MWr0bUJNzuN7BM1j8R_D0vOt0s8I/edit?usp=sharing"", ""'Master Data TK V0.2 (AUTO)'!F6:F""), IMPORTRANGE(""https://docs.google.com/spreadsheets/d/1RJrFMGUC-XijmB6MWr0bUJNzuN7BM1"&"j8R_D0vOt0s8I/edit?usp=sharing"", ""'Master Data TK V0.2 (AUTO)'!S6:S""))"),"-") -> - | G41: =IFERROR(__xludf.DUMMYFUNCTION("XLOOKUP($C41, IMPORTRANGE(""https://docs.google.com/spreadsheets/d/1RJrFMGUC-XijmB6MWr0bUJNzuN7BM1j8R_D0vOt0s8I/edit?usp=sharing"", ""'Master Data TK V0.2 (AUTO)'!F6:F""), IMPORTRANGE(""https://docs.google.com/spreadsheets/d/1RJrFMGUC-XijmB6MWr0bUJNzuN7BM"&"1j8R_D0vOt0s8I/edit?usp=sharing"", ""'Master Data TK V0.2 (AUTO)'!T6:T""))"),"-") -> - | H41: =IFERROR(__xludf.DUMMYFUNCTION("XLOOKUP($C41, IMPORTRANGE(""https://docs.google.com/spreadsheets/d/1RJrFMGUC-XijmB6MWr0bUJNzuN7BM1j8R_D0vOt0s8I/edit?usp=sharing"", ""'Master Data TK V0.2 (AUTO)'!F6:F""), IMPORTRANGE(""https://docs.google.com/spreadsheets/d/1RJrFMGUC-XijmB6MWr0bUJNzuN7BM"&"1j8R_D0vOt0s8I/edit?usp=sharing"", ""'Master Data TK V0.2 (AUTO)'!V6:V""))"),"") | K41: =IFERROR(__xludf.DUMMYFUNCTION("XLOOKUP($C41, IMPORTRANGE(""https://docs.google.com/spreadsheets/d/1RJrFMGUC-XijmB6MWr0bUJNzuN7BM1j8R_D0vOt0s8I/edit?usp=sharing"", ""'Master Data TK V0.2 (AUTO)'!F6:F""), IMPORTRANGE(""https://docs.google.com/spreadsheets/d/1RJrFMGUC-XijmB6MWr0bUJNzuN7BM"&"1j8R_D0vOt0s8I/edit?usp=sharing"", ""'Master Data TK V0.2 (AUTO)'!W6:W""))"),"") | L41: =IFERROR(__xludf.DUMMYFUNCTION("XLOOKUP($C41, IMPORTRANGE(""https://docs.google.com/spreadsheets/d/1RJrFMGUC-XijmB6MWr0bUJNzuN7BM1j8R_D0vOt0s8I/edit?usp=sharing"", ""'Master Data TK V0.2 (AUTO)'!F6:F""), IMPORTRANGE(""https://docs.google.com/spreadsheets/d/1RJrFMGUC-XijmB6MWr0bUJNzuN7BM"&"1j8R_D0vOt0s8I/edit?usp=sharing"", ""'Master Data TK V0.2 (AUTO)'!X6:X""))"),"")
A42: CRO 1 | B42: Regional Sumut 1 | C42: PT Socfin Indonesia | D42: PT-SIO-01 | E42: {=XLOOKUP(C42,'DATA TK PANEN'!D:D,'DATA TK PANEN'!H:H)} -> Tidak Ditemukan | F42: =IFERROR(__xludf.DUMMYFUNCTION("XLOOKUP(C42, IMPORTRANGE(""https://docs.google.com/spreadsheets/d/1RJrFMGUC-XijmB6MWr0bUJNzuN7BM1j8R_D0vOt0s8I/edit?usp=sharing"", ""'Master Data TK V0.2 (AUTO)'!F6:F""), IMPORTRANGE(""https://docs.google.com/spreadsheets/d/1RJrFMGUC-XijmB6MWr0bUJNzuN7BM1"&"j8R_D0vOt0s8I/edit?usp=sharing"", ""'Master Data TK V0.2 (AUTO)'!S6:S""))"),"-") -> - | G42: =IFERROR(__xludf.DUMMYFUNCTION("XLOOKUP($C42, IMPORTRANGE(""https://docs.google.com/spreadsheets/d/1RJrFMGUC-XijmB6MWr0bUJNzuN7BM1j8R_D0vOt0s8I/edit?usp=sharing"", ""'Master Data TK V0.2 (AUTO)'!F6:F""), IMPORTRANGE(""https://docs.google.com/spreadsheets/d/1RJrFMGUC-XijmB6MWr0bUJNzuN7BM"&"1j8R_D0vOt0s8I/edit?usp=sharing"", ""'Master Data TK V0.2 (AUTO)'!T6:T""))"),"-") -> - | H42: =IFERROR(__xludf.DUMMYFUNCTION("XLOOKUP($C42, IMPORTRANGE(""https://docs.google.com/spreadsheets/d/1RJrFMGUC-XijmB6MWr0bUJNzuN7BM1j8R_D0vOt0s8I/edit?usp=sharing"", ""'Master Data TK V0.2 (AUTO)'!F6:F""), IMPORTRANGE(""https://docs.google.com/spreadsheets/d/1RJrFMGUC-XijmB6MWr0bUJNzuN7BM"&"1j8R_D0vOt0s8I/edit?usp=sharing"", ""'Master Data TK V0.2 (AUTO)'!V6:V""))"),"") | K42: =IFERROR(__xludf.DUMMYFUNCTION("XLOOKUP($C42, IMPORTRANGE(""https://docs.google.com/spreadsheets/d/1RJrFMGUC-XijmB6MWr0bUJNzuN7BM1j8R_D0vOt0s8I/edit?usp=sharing"", ""'Master Data TK V0.2 (AUTO)'!F6:F""), IMPORTRANGE(""https://docs.google.com/spreadsheets/d/1RJrFMGUC-XijmB6MWr0bUJNzuN7BM"&"1j8R_D0vOt0s8I/edit?usp=sharing"", ""'Master Data TK V0.2 (AUTO)'!W6:W""))"),"") | L42: =IFERROR(__xludf.DUMMYFUNCTION("XLOOKUP($C42, IMPORTRANGE(""https://docs.google.com/spreadsheets/d/1RJrFMGUC-XijmB6MWr0bUJNzuN7BM1j8R_D0vOt0s8I/edit?usp=sharing"", ""'Master Data TK V0.2 (AUTO)'!F6:F""), IMPORTRANGE(""https://docs.google.com/spreadsheets/d/1RJrFMGUC-XijmB6MWr0bUJNzuN7BM"&"1j8R_D0vOt0s8I/edit?usp=sharing"", ""'Master Data TK V0.2 (AUTO)'!X6:X""))"),"")
A43: CRO 1 | B43: Regional Sumut 1 | C43: PT Sumber Sawit Makmur | D43: PT-SSM-04 | E43: {=XLOOKUP(C43,'DATA TK PANEN'!D:D,'DATA TK PANEN'!H:H)} -> Tidak Ditemukan | F43: =IFERROR(__xludf.DUMMYFUNCTION("XLOOKUP(C43, IMPORTRANGE(""https://docs.google.com/spreadsheets/d/1RJrFMGUC-XijmB6MWr0bUJNzuN7BM1j8R_D0vOt0s8I/edit?usp=sharing"", ""'Master Data TK V0.2 (AUTO)'!F6:F""), IMPORTRANGE(""https://docs.google.com/spreadsheets/d/1RJrFMGUC-XijmB6MWr0bUJNzuN7BM1"&"j8R_D0vOt0s8I/edit?usp=sharing"", ""'Master Data TK V0.2 (AUTO)'!S6:S""))"),"-") -> - | G43: =IFERROR(__xludf.DUMMYFUNCTION("XLOOKUP($C43, IMPORTRANGE(""https://docs.google.com/spreadsheets/d/1RJrFMGUC-XijmB6MWr0bUJNzuN7BM1j8R_D0vOt0s8I/edit?usp=sharing"", ""'Master Data TK V0.2 (AUTO)'!F6:F""), IMPORTRANGE(""https://docs.google.com/spreadsheets/d/1RJrFMGUC-XijmB6MWr0bUJNzuN7BM"&"1j8R_D0vOt0s8I/edit?usp=sharing"", ""'Master Data TK V0.2 (AUTO)'!T6:T""))"),"-") -> - | H43: =IFERROR(__xludf.DUMMYFUNCTION("XLOOKUP($C43, IMPORTRANGE(""https://docs.google.com/spreadsheets/d/1RJrFMGUC-XijmB6MWr0bUJNzuN7BM1j8R_D0vOt0s8I/edit?usp=sharing"", ""'Master Data TK V0.2 (AUTO)'!F6:F""), IMPORTRANGE(""https://docs.google.com/spreadsheets/d/1RJrFMGUC-XijmB6MWr0bUJNzuN7BM"&"1j8R_D0vOt0s8I/edit?usp=sharing"", ""'Master Data TK V0.2 (AUTO)'!V6:V""))"),"") | K43: =IFERROR(__xludf.DUMMYFUNCTION("XLOOKUP($C43, IMPORTRANGE(""https://docs.google.com/spreadsheets/d/1RJrFMGUC-XijmB6MWr0bUJNzuN7BM1j8R_D0vOt0s8I/edit?usp=sharing"", ""'Master Data TK V0.2 (AUTO)'!F6:F""), IMPORTRANGE(""https://docs.google.com/spreadsheets/d/1RJrFMGUC-XijmB6MWr0bUJNzuN7BM"&"1j8R_D0vOt0s8I/edit?usp=sharing"", ""'Master Data TK V0.2 (AUTO)'!W6:W""))"),"") | L43: =IFERROR(__xludf.DUMMYFUNCTION("XLOOKUP($C43, IMPORTRANGE(""https://docs.google.com/spreadsheets/d/1RJrFMGUC-XijmB6MWr0bUJNzuN7BM1j8R_D0vOt0s8I/edit?usp=sharing"", ""'Master Data TK V0.2 (AUTO)'!F6:F""), IMPORTRANGE(""https://docs.google.com/spreadsheets/d/1RJrFMGUC-XijmB6MWr0bUJNzuN7BM"&"1j8R_D0vOt0s8I/edit?usp=sharing"", ""'Master Data TK V0.2 (AUTO)'!X6:X""))"),"")
A44: CRO 1 | B44: Regional Sumut 1 | C44: PT Supra Matra Abadi (Sumut) | D44: PT-SMA-01 | E44: {=XLOOKUP(C44,'DATA TK PANEN'!D:D,'DATA TK PANEN'!H:H)} -> 106.2 | F44: =IFERROR(__xludf.DUMMYFUNCTION("XLOOKUP(C44, IMPORTRANGE(""https://docs.google.com/spreadsheets/d/1RJrFMGUC-XijmB6MWr0bUJNzuN7BM1j8R_D0vOt0s8I/edit?usp=sharing"", ""'Master Data TK V0.2 (AUTO)'!F6:F""), IMPORTRANGE(""https://docs.google.com/spreadsheets/d/1RJrFMGUC-XijmB6MWr0bUJNzuN7BM1"&"j8R_D0vOt0s8I/edit?usp=sharing"", ""'Master Data TK V0.2 (AUTO)'!S6:S""))"),6.0) -> 6 | G44: =IFERROR(__xludf.DUMMYFUNCTION("XLOOKUP($C44, IMPORTRANGE(""https://docs.google.com/spreadsheets/d/1RJrFMGUC-XijmB6MWr0bUJNzuN7BM1j8R_D0vOt0s8I/edit?usp=sharing"", ""'Master Data TK V0.2 (AUTO)'!F6:F""), IMPORTRANGE(""https://docs.google.com/spreadsheets/d/1RJrFMGUC-XijmB6MWr0bUJNzuN7BM"&"1j8R_D0vOt0s8I/edit?usp=sharing"", ""'Master Data TK V0.2 (AUTO)'!T6:T""))"),6.0) -> 6 | H44: =IFERROR(__xludf.DUMMYFUNCTION("XLOOKUP($C44, IMPORTRANGE(""https://docs.google.com/spreadsheets/d/1RJrFMGUC-XijmB6MWr0bUJNzuN7BM1j8R_D0vOt0s8I/edit?usp=sharing"", ""'Master Data TK V0.2 (AUTO)'!F6:F""), IMPORTRANGE(""https://docs.google.com/spreadsheets/d/1RJrFMGUC-XijmB6MWr0bUJNzuN7BM"&"1j8R_D0vOt0s8I/edit?usp=sharing"", ""'Master Data TK V0.2 (AUTO)'!V6:V""))"),6.0) -> 6 | K44: =IFERROR(__xludf.DUMMYFUNCTION("XLOOKUP($C44, IMPORTRANGE(""https://docs.google.com/spreadsheets/d/1RJrFMGUC-XijmB6MWr0bUJNzuN7BM1j8R_D0vOt0s8I/edit?usp=sharing"", ""'Master Data TK V0.2 (AUTO)'!F6:F""), IMPORTRANGE(""https://docs.google.com/spreadsheets/d/1RJrFMGUC-XijmB6MWr0bUJNzuN7BM"&"1j8R_D0vOt0s8I/edit?usp=sharing"", ""'Master Data TK V0.2 (AUTO)'!W6:W""))"),0.0) -> 0 | L44: =IFERROR(__xludf.DUMMYFUNCTION("XLOOKUP($C44, IMPORTRANGE(""https://docs.google.com/spreadsheets/d/1RJrFMGUC-XijmB6MWr0bUJNzuN7BM1j8R_D0vOt0s8I/edit?usp=sharing"", ""'Master Data TK V0.2 (AUTO)'!F6:F""), IMPORTRANGE(""https://docs.google.com/spreadsheets/d/1RJrFMGUC-XijmB6MWr0bUJNzuN7BM"&"1j8R_D0vOt0s8I/edit?usp=sharing"", ""'Master Data TK V0.2 (AUTO)'!X6:X""))"),0.0) -> 0
A45: CRO 1 | B45: Regional Sumut 1 | C45: PT Syarikat Tandikat Adidaya | D45: PT-STA-01 | E45: {=XLOOKUP(C45,'DATA TK PANEN'!D:D,'DATA TK PANEN'!H:H)} -> 0 | F45: =IFERROR(__xludf.DUMMYFUNCTION("XLOOKUP(C45, IMPORTRANGE(""https://docs.google.com/spreadsheets/d/1RJrFMGUC-XijmB6MWr0bUJNzuN7BM1j8R_D0vOt0s8I/edit?usp=sharing"", ""'Master Data TK V0.2 (AUTO)'!F6:F""), IMPORTRANGE(""https://docs.google.com/spreadsheets/d/1RJrFMGUC-XijmB6MWr0bUJNzuN7BM1"&"j8R_D0vOt0s8I/edit?usp=sharing"", ""'Master Data TK V0.2 (AUTO)'!S6:S""))"),"-") -> - | G45: =IFERROR(__xludf.DUMMYFUNCTION("XLOOKUP($C45, IMPORTRANGE(""https://docs.google.com/spreadsheets/d/1RJrFMGUC-XijmB6MWr0bUJNzuN7BM1j8R_D0vOt0s8I/edit?usp=sharing"", ""'Master Data TK V0.2 (AUTO)'!F6:F""), IMPORTRANGE(""https://docs.google.com/spreadsheets/d/1RJrFMGUC-XijmB6MWr0bUJNzuN7BM"&"1j8R_D0vOt0s8I/edit?usp=sharing"", ""'Master Data TK V0.2 (AUTO)'!T6:T""))"),"-") -> - | H45: =IFERROR(__xludf.DUMMYFUNCTION("XLOOKUP($C45, IMPORTRANGE(""https://docs.google.com/spreadsheets/d/1RJrFMGUC-XijmB6MWr0bUJNzuN7BM1j8R_D0vOt0s8I/edit?usp=sharing"", ""'Master Data TK V0.2 (AUTO)'!F6:F""), IMPORTRANGE(""https://docs.google.com/spreadsheets/d/1RJrFMGUC-XijmB6MWr0bUJNzuN7BM"&"1j8R_D0vOt0s8I/edit?usp=sharing"", ""'Master Data TK V0.2 (AUTO)'!V6:V""))"),"") | K45: =IFERROR(__xludf.DUMMYFUNCTION("XLOOKUP($C45, IMPORTRANGE(""https://docs.google.com/spreadsheets/d/1RJrFMGUC-XijmB6MWr0bUJNzuN7BM1j8R_D0vOt0s8I/edit?usp=sharing"", ""'Master Data TK V0.2 (AUTO)'!F6:F""), IMPORTRANGE(""https://docs.google.com/spreadsheets/d/1RJrFMGUC-XijmB6MWr0bUJNzuN7BM"&"1j8R_D0vOt0s8I/edit?usp=sharing"", ""'Master Data TK V0.2 (AUTO)'!W6:W""))"),"") | L45: =IFERROR(__xludf.DUMMYFUNCTION("XLOOKUP($C45, IMPORTRANGE(""https://docs.google.com/spreadsheets/d/1RJrFMGUC-XijmB6MWr0bUJNzuN7BM1j8R_D0vOt0s8I/edit?usp=sharing"", ""'Master Data TK V0.2 (AUTO)'!F6:F""), IMPORTRANGE(""https://docs.google.com/spreadsheets/d/1RJrFMGUC-XijmB6MWr0bUJNzuN7BM"&"1j8R_D0vOt0s8I/edit?usp=sharing"", ""'Master Data TK V0.2 (AUTO)'!X6:X""))"),"")
A46: CRO 1 | B46: Regional Sumut 1 | C46: PT Tepian Gayor Langkat | D46: PT-TGL-01 | E46: {=XLOOKUP(C46,'DATA TK PANEN'!D:D,'DATA TK PANEN'!H:H)} -> Tidak Ditemukan | F46: =IFERROR(__xludf.DUMMYFUNCTION("XLOOKUP(C46, IMPORTRANGE(""https://docs.google.com/spreadsheets/d/1RJrFMGUC-XijmB6MWr0bUJNzuN7BM1j8R_D0vOt0s8I/edit?usp=sharing"", ""'Master Data TK V0.2 (AUTO)'!F6:F""), IMPORTRANGE(""https://docs.google.com/spreadsheets/d/1RJrFMGUC-XijmB6MWr0bUJNzuN7BM1"&"j8R_D0vOt0s8I/edit?usp=sharing"", ""'Master Data TK V0.2 (AUTO)'!S6:S""))"),"-") -> - | G46: =IFERROR(__xludf.DUMMYFUNCTION("XLOOKUP($C46, IMPORTRANGE(""https://docs.google.com/spreadsheets/d/1RJrFMGUC-XijmB6MWr0bUJNzuN7BM1j8R_D0vOt0s8I/edit?usp=sharing"", ""'Master Data TK V0.2 (AUTO)'!F6:F""), IMPORTRANGE(""https://docs.google.com/spreadsheets/d/1RJrFMGUC-XijmB6MWr0bUJNzuN7BM"&"1j8R_D0vOt0s8I/edit?usp=sharing"", ""'Master Data TK V0.2 (AUTO)'!T6:T""))"),"-") -> - | H46: =IFERROR(__xludf.DUMMYFUNCTION("XLOOKUP($C46, IMPORTRANGE(""https://docs.google.com/spreadsheets/d/1RJrFMGUC-XijmB6MWr0bUJNzuN7BM1j8R_D0vOt0s8I/edit?usp=sharing"", ""'Master Data TK V0.2 (AUTO)'!F6:F""), IMPORTRANGE(""https://docs.google.com/spreadsheets/d/1RJrFMGUC-XijmB6MWr0bUJNzuN7BM"&"1j8R_D0vOt0s8I/edit?usp=sharing"", ""'Master Data TK V0.2 (AUTO)'!V6:V""))"),"") | K46: =IFERROR(__xludf.DUMMYFUNCTION("XLOOKUP($C46, IMPORTRANGE(""https://docs.google.com/spreadsheets/d/1RJrFMGUC-XijmB6MWr0bUJNzuN7BM1j8R_D0vOt0s8I/edit?usp=sharing"", ""'Master Data TK V0.2 (AUTO)'!F6:F""), IMPORTRANGE(""https://docs.google.com/spreadsheets/d/1RJrFMGUC-XijmB6MWr0bUJNzuN7BM"&"1j8R_D0vOt0s8I/edit?usp=sharing"", ""'Master Data TK V0.2 (AUTO)'!W6:W""))"),"") | L46: =IFERROR(__xludf.DUMMYFUNCTION("XLOOKUP($C46, IMPORTRANGE(""https://docs.google.com/spreadsheets/d/1RJrFMGUC-XijmB6MWr0bUJNzuN7BM1j8R_D0vOt0s8I/edit?usp=sharing"", ""'Master Data TK V0.2 (AUTO)'!F6:F""), IMPORTRANGE(""https://docs.google.com/spreadsheets/d/1RJrFMGUC-XijmB6MWr0bUJNzuN7BM"&"1j8R_D0vOt0s8I/edit?usp=sharing"", ""'Master Data TK V0.2 (AUTO)'!X6:X""))"),"")
A47: CRO 1 | B47: Regional Sumut 1 | C47: PT Tondy Barumun Sejahtera | D47: PT-TBS-01 | E47: {=XLOOKUP(C47,'DATA TK PANEN'!D:D,'DATA TK PANEN'!H:H)} -> 0 | F47: =IFERROR(__xludf.DUMMYFUNCTION("XLOOKUP(C47, IMPORTRANGE(""https://docs.google.com/spreadsheets/d/1RJrFMGUC-XijmB6MWr0bUJNzuN7BM1j8R_D0vOt0s8I/edit?usp=sharing"", ""'Master Data TK V0.2 (AUTO)'!F6:F""), IMPORTRANGE(""https://docs.google.com/spreadsheets/d/1RJrFMGUC-XijmB6MWr0bUJNzuN7BM1"&"j8R_D0vOt0s8I/edit?usp=sharing"", ""'Master Data TK V0.2 (AUTO)'!S6:S""))"),"-") -> - | G47: =IFERROR(__xludf.DUMMYFUNCTION("XLOOKUP($C47, IMPORTRANGE(""https://docs.google.com/spreadsheets/d/1RJrFMGUC-XijmB6MWr0bUJNzuN7BM1j8R_D0vOt0s8I/edit?usp=sharing"", ""'Master Data TK V0.2 (AUTO)'!F6:F""), IMPORTRANGE(""https://docs.google.com/spreadsheets/d/1RJrFMGUC-XijmB6MWr0bUJNzuN7BM"&"1j8R_D0vOt0s8I/edit?usp=sharing"", ""'Master Data TK V0.2 (AUTO)'!T6:T""))"),"-") -> - | H47: =IFERROR(__xludf.DUMMYFUNCTION("XLOOKUP($C47, IMPORTRANGE(""https://docs.google.com/spreadsheets/d/1RJrFMGUC-XijmB6MWr0bUJNzuN7BM1j8R_D0vOt0s8I/edit?usp=sharing"", ""'Master Data TK V0.2 (AUTO)'!F6:F""), IMPORTRANGE(""https://docs.google.com/spreadsheets/d/1RJrFMGUC-XijmB6MWr0bUJNzuN7BM"&"1j8R_D0vOt0s8I/edit?usp=sharing"", ""'Master Data TK V0.2 (AUTO)'!V6:V""))"),0.0) -> 0 | K47: =IFERROR(__xludf.DUMMYFUNCTION("XLOOKUP($C47, IMPORTRANGE(""https://docs.google.com/spreadsheets/d/1RJrFMGUC-XijmB6MWr0bUJNzuN7BM1j8R_D0vOt0s8I/edit?usp=sharing"", ""'Master Data TK V0.2 (AUTO)'!F6:F""), IMPORTRANGE(""https://docs.google.com/spreadsheets/d/1RJrFMGUC-XijmB6MWr0bUJNzuN7BM"&"1j8R_D0vOt0s8I/edit?usp=sharing"", ""'Master Data TK V0.2 (AUTO)'!W6:W""))"),"") | L47: =IFERROR(__xludf.DUMMYFUNCTION("XLOOKUP($C47, IMPORTRANGE(""https://docs.google.com/spreadsheets/d/1RJrFMGUC-XijmB6MWr0bUJNzuN7BM1j8R_D0vOt0s8I/edit?usp=sharing"", ""'Master Data TK V0.2 (AUTO)'!F6:F""), IMPORTRANGE(""https://docs.google.com/spreadsheets/d/1RJrFMGUC-XijmB6MWr0bUJNzuN7BM"&"1j8R_D0vOt0s8I/edit?usp=sharing"", ""'Master Data TK V0.2 (AUTO)'!X6:X""))"),"")
A48: CRO 1 | B48: Regional Sumut 2 | C48: Bukit Harapan I | D48: KB-BHI-01 | E48: {=XLOOKUP(C48,'DATA TK PANEN'!D:D,'DATA TK PANEN'!H:H)} -> 12888.38 | F48: =IFERROR(__xludf.DUMMYFUNCTION("XLOOKUP(C48, IMPORTRANGE(""https://docs.google.com/spreadsheets/d/1RJrFMGUC-XijmB6MWr0bUJNzuN7BM1j8R_D0vOt0s8I/edit?usp=sharing"", ""'Master Data TK V0.2 (AUTO)'!F6:F""), IMPORTRANGE(""https://docs.google.com/spreadsheets/d/1RJrFMGUC-XijmB6MWr0bUJNzuN7BM1"&"j8R_D0vOt0s8I/edit?usp=sharing"", ""'Master Data TK V0.2 (AUTO)'!S6:S""))"),773.0) -> 773 | G48: =IFERROR(__xludf.DUMMYFUNCTION("XLOOKUP($C48, IMPORTRANGE(""https://docs.google.com/spreadsheets/d/1RJrFMGUC-XijmB6MWr0bUJNzuN7BM1j8R_D0vOt0s8I/edit?usp=sharing"", ""'Master Data TK V0.2 (AUTO)'!F6:F""), IMPORTRANGE(""https://docs.google.com/spreadsheets/d/1RJrFMGUC-XijmB6MWr0bUJNzuN7BM"&"1j8R_D0vOt0s8I/edit?usp=sharing"", ""'Master Data TK V0.2 (AUTO)'!T6:T""))"),204.0) -> 204 | H48: =IFERROR(__xludf.DUMMYFUNCTION("XLOOKUP($C48, IMPORTRANGE(""https://docs.google.com/spreadsheets/d/1RJrFMGUC-XijmB6MWr0bUJNzuN7BM1j8R_D0vOt0s8I/edit?usp=sharing"", ""'Master Data TK V0.2 (AUTO)'!F6:F""), IMPORTRANGE(""https://docs.google.com/spreadsheets/d/1RJrFMGUC-XijmB6MWr0bUJNzuN7BM"&"1j8R_D0vOt0s8I/edit?usp=sharing"", ""'Master Data TK V0.2 (AUTO)'!V6:V""))"),223.0) -> 223 | K48: =IFERROR(__xludf.DUMMYFUNCTION("XLOOKUP($C48, IMPORTRANGE(""https://docs.google.com/spreadsheets/d/1RJrFMGUC-XijmB6MWr0bUJNzuN7BM1j8R_D0vOt0s8I/edit?usp=sharing"", ""'Master Data TK V0.2 (AUTO)'!F6:F""), IMPORTRANGE(""https://docs.google.com/spreadsheets/d/1RJrFMGUC-XijmB6MWr0bUJNzuN7BM"&"1j8R_D0vOt0s8I/edit?usp=sharing"", ""'Master Data TK V0.2 (AUTO)'!W6:W""))"),40.0) -> 40 | L48: =IFERROR(__xludf.DUMMYFUNCTION("XLOOKUP($C48, IMPORTRANGE(""https://docs.google.com/spreadsheets/d/1RJrFMGUC-XijmB6MWr0bUJNzuN7BM1j8R_D0vOt0s8I/edit?usp=sharing"", ""'Master Data TK V0.2 (AUTO)'!F6:F""), IMPORTRANGE(""https://docs.google.com/spreadsheets/d/1RJrFMGUC-XijmB6MWr0bUJNzuN7BM"&"1j8R_D0vOt0s8I/edit?usp=sharing"", ""'Master Data TK V0.2 (AUTO)'!X6:X""))"),381.0) -> 381
A49: CRO 1 | B49: Regional Sumut 2 | C49: Bukit Harapan II | D49: KB-BHI-02 | E49: {=XLOOKUP(C49,'DATA TK PANEN'!D:D,'DATA TK PANEN'!H:H)} -> 12127.94 | F49: =IFERROR(__xludf.DUMMYFUNCTION("XLOOKUP(C49, IMPORTRANGE(""https://docs.google.com/spreadsheets/d/1RJrFMGUC-XijmB6MWr0bUJNzuN7BM1j8R_D0vOt0s8I/edit?usp=sharing"", ""'Master Data TK V0.2 (AUTO)'!F6:F""), IMPORTRANGE(""https://docs.google.com/spreadsheets/d/1RJrFMGUC-XijmB6MWr0bUJNzuN7BM1"&"j8R_D0vOt0s8I/edit?usp=sharing"", ""'Master Data TK V0.2 (AUTO)'!S6:S""))"),728.0) -> 728 | G49: =IFERROR(__xludf.DUMMYFUNCTION("XLOOKUP($C49, IMPORTRANGE(""https://docs.google.com/spreadsheets/d/1RJrFMGUC-XijmB6MWr0bUJNzuN7BM1j8R_D0vOt0s8I/edit?usp=sharing"", ""'Master Data TK V0.2 (AUTO)'!F6:F""), IMPORTRANGE(""https://docs.google.com/spreadsheets/d/1RJrFMGUC-XijmB6MWr0bUJNzuN7BM"&"1j8R_D0vOt0s8I/edit?usp=sharing"", ""'Master Data TK V0.2 (AUTO)'!T6:T""))"),207.0) -> 207 | H49: =IFERROR(__xludf.DUMMYFUNCTION("XLOOKUP($C49, IMPORTRANGE(""https://docs.google.com/spreadsheets/d/1RJrFMGUC-XijmB6MWr0bUJNzuN7BM1j8R_D0vOt0s8I/edit?usp=sharing"", ""'Master Data TK V0.2 (AUTO)'!F6:F""), IMPORTRANGE(""https://docs.google.com/spreadsheets/d/1RJrFMGUC-XijmB6MWr0bUJNzuN7BM"&"1j8R_D0vOt0s8I/edit?usp=sharing"", ""'Master Data TK V0.2 (AUTO)'!V6:V""))"),209.0) -> 209 | K49: =IFERROR(__xludf.DUMMYFUNCTION("XLOOKUP($C49, IMPORTRANGE(""https://docs.google.com/spreadsheets/d/1RJrFMGUC-XijmB6MWr0bUJNzuN7BM1j8R_D0vOt0s8I/edit?usp=sharing"", ""'Master Data TK V0.2 (AUTO)'!F6:F""), IMPORTRANGE(""https://docs.google.com/spreadsheets/d/1RJrFMGUC-XijmB6MWr0bUJNzuN7BM"&"1j8R_D0vOt0s8I/edit?usp=sharing"", ""'Master Data TK V0.2 (AUTO)'!W6:W""))"),40.0) -> 40 | L49: =IFERROR(__xludf.DUMMYFUNCTION("XLOOKUP($C49, IMPORTRANGE(""https://docs.google.com/spreadsheets/d/1RJrFMGUC-XijmB6MWr0bUJNzuN7BM1j8R_D0vOt0s8I/edit?usp=sharing"", ""'Master Data TK V0.2 (AUTO)'!F6:F""), IMPORTRANGE(""https://docs.google.com/spreadsheets/d/1RJrFMGUC-XijmB6MWr0bUJNzuN7BM"&"1j8R_D0vOt0s8I/edit?usp=sharing"", ""'Master Data TK V0.2 (AUTO)'!X6:X""))"),359.0) -> 359
A50: CRO 1 | B50: Regional Sumut 2 | C50: Patogu Janji | D50: KB-PJA-01 | E50: {=XLOOKUP(C50,'DATA TK PANEN'!D:D,'DATA TK PANEN'!H:H)} -> 14243.49 | F50: =IFERROR(__xludf.DUMMYFUNCTION("XLOOKUP(C50, IMPORTRANGE(""https://docs.google.com/spreadsheets/d/1RJrFMGUC-XijmB6MWr0bUJNzuN7BM1j8R_D0vOt0s8I/edit?usp=sharing"", ""'Master Data TK V0.2 (AUTO)'!F6:F""), IMPORTRANGE(""https://docs.google.com/spreadsheets/d/1RJrFMGUC-XijmB6MWr0bUJNzuN7BM1"&"j8R_D0vOt0s8I/edit?usp=sharing"", ""'Master Data TK V0.2 (AUTO)'!S6:S""))"),855.0) -> 855 | G50: =IFERROR(__xludf.DUMMYFUNCTION("XLOOKUP($C50, IMPORTRANGE(""https://docs.google.com/spreadsheets/d/1RJrFMGUC-XijmB6MWr0bUJNzuN7BM1j8R_D0vOt0s8I/edit?usp=sharing"", ""'Master Data TK V0.2 (AUTO)'!F6:F""), IMPORTRANGE(""https://docs.google.com/spreadsheets/d/1RJrFMGUC-XijmB6MWr0bUJNzuN7BM"&"1j8R_D0vOt0s8I/edit?usp=sharing"", ""'Master Data TK V0.2 (AUTO)'!T6:T""))"),263.0) -> 263 | H50: =IFERROR(__xludf.DUMMYFUNCTION("XLOOKUP($C50, IMPORTRANGE(""https://docs.google.com/spreadsheets/d/1RJrFMGUC-XijmB6MWr0bUJNzuN7BM1j8R_D0vOt0s8I/edit?usp=sharing"", ""'Master Data TK V0.2 (AUTO)'!F6:F""), IMPORTRANGE(""https://docs.google.com/spreadsheets/d/1RJrFMGUC-XijmB6MWr0bUJNzuN7BM"&"1j8R_D0vOt0s8I/edit?usp=sharing"", ""'Master Data TK V0.2 (AUTO)'!V6:V""))"),261.0) -> 261 | K50: =IFERROR(__xludf.DUMMYFUNCTION("XLOOKUP($C50, IMPORTRANGE(""https://docs.google.com/spreadsheets/d/1RJrFMGUC-XijmB6MWr0bUJNzuN7BM1j8R_D0vOt0s8I/edit?usp=sharing"", ""'Master Data TK V0.2 (AUTO)'!F6:F""), IMPORTRANGE(""https://docs.google.com/spreadsheets/d/1RJrFMGUC-XijmB6MWr0bUJNzuN7BM"&"1j8R_D0vOt0s8I/edit?usp=sharing"", ""'Master Data TK V0.2 (AUTO)'!W6:W""))"),40.0) -> 40 | L50: =IFERROR(__xludf.DUMMYFUNCTION("XLOOKUP($C50, IMPORTRANGE(""https://docs.google.com/spreadsheets/d/1RJrFMGUC-XijmB6MWr0bUJNzuN7BM1j8R_D0vOt0s8I/edit?usp=sharing"", ""'Master Data TK V0.2 (AUTO)'!F6:F""), IMPORTRANGE(""https://docs.google.com/spreadsheets/d/1RJrFMGUC-XijmB6MWr0bUJNzuN7BM"&"1j8R_D0vOt0s8I/edit?usp=sharing"", ""'Master Data TK V0.2 (AUTO)'!X6:X""))"),408.0) -> 408
A51: CRO 1 | B51: Regional Sumut 2 | C51: Parsub | D51: KB-PAR-01 | E51: {=XLOOKUP(C51,'DATA TK PANEN'!D:D,'DATA TK PANEN'!H:H)} -> 4634.41 | F51: =IFERROR(__xludf.DUMMYFUNCTION("XLOOKUP(C51, IMPORTRANGE(""https://docs.google.com/spreadsheets/d/1RJrFMGUC-XijmB6MWr0bUJNzuN7BM1j8R_D0vOt0s8I/edit?usp=sharing"", ""'Master Data TK V0.2 (AUTO)'!F6:F""), IMPORTRANGE(""https://docs.google.com/spreadsheets/d/1RJrFMGUC-XijmB6MWr0bUJNzuN7BM1"&"j8R_D0vOt0s8I/edit?usp=sharing"", ""'Master Data TK V0.2 (AUTO)'!S6:S""))"),278.0) -> 278 | G51: =IFERROR(__xludf.DUMMYFUNCTION("XLOOKUP($C51, IMPORTRANGE(""https://docs.google.com/spreadsheets/d/1RJrFMGUC-XijmB6MWr0bUJNzuN7BM1j8R_D0vOt0s8I/edit?usp=sharing"", ""'Master Data TK V0.2 (AUTO)'!F6:F""), IMPORTRANGE(""https://docs.google.com/spreadsheets/d/1RJrFMGUC-XijmB6MWr0bUJNzuN7BM"&"1j8R_D0vOt0s8I/edit?usp=sharing"", ""'Master Data TK V0.2 (AUTO)'!T6:T""))"),40.0) -> 40 | H51: =IFERROR(__xludf.DUMMYFUNCTION("XLOOKUP($C51, IMPORTRANGE(""https://docs.google.com/spreadsheets/d/1RJrFMGUC-XijmB6MWr0bUJNzuN7BM1j8R_D0vOt0s8I/edit?usp=sharing"", ""'Master Data TK V0.2 (AUTO)'!F6:F""), IMPORTRANGE(""https://docs.google.com/spreadsheets/d/1RJrFMGUC-XijmB6MWr0bUJNzuN7BM"&"1j8R_D0vOt0s8I/edit?usp=sharing"", ""'Master Data TK V0.2 (AUTO)'!V6:V""))"),43.0) -> 43 | K51: =IFERROR(__xludf.DUMMYFUNCTION("XLOOKUP($C51, IMPORTRANGE(""https://docs.google.com/spreadsheets/d/1RJrFMGUC-XijmB6MWr0bUJNzuN7BM1j8R_D0vOt0s8I/edit?usp=sharing"", ""'Master Data TK V0.2 (AUTO)'!F6:F""), IMPORTRANGE(""https://docs.google.com/spreadsheets/d/1RJrFMGUC-XijmB6MWr0bUJNzuN7BM"&"1j8R_D0vOt0s8I/edit?usp=sharing"", ""'Master Data TK V0.2 (AUTO)'!W6:W""))"),20.0) -> 20 | L51: =IFERROR(__xludf.DUMMYFUNCTION("XLOOKUP($C51, IMPORTRANGE(""https://docs.google.com/spreadsheets/d/1RJrFMGUC-XijmB6MWr0bUJNzuN7BM1j8R_D0vOt0s8I/edit?usp=sharing"", ""'Master Data TK V0.2 (AUTO)'!F6:F""), IMPORTRANGE(""https://docs.google.com/spreadsheets/d/1RJrFMGUC-XijmB6MWr0bUJNzuN7BM"&"1j8R_D0vOt0s8I/edit?usp=sharing"", ""'Master Data TK V0.2 (AUTO)'!X6:X""))"),171.0) -> 171
A52: CRO 1 | B52: Regional Sumut 2 | C52: PT Wonorejo Perdana | D52: PT-WPO-01 | E52: {=XLOOKUP(C52,'DATA TK PANEN'!D:D,'DATA TK PANEN'!H:H)} -> 2783.48 | F52: =IFERROR(__xludf.DUMMYFUNCTION("XLOOKUP(C52, IMPORTRANGE(""https://docs.google.com/spreadsheets/d/1RJrFMGUC-XijmB6MWr0bUJNzuN7BM1j8R_D0vOt0s8I/edit?usp=sharing"", ""'Master Data TK V0.2 (AUTO)'!F6:F""), IMPORTRANGE(""https://docs.google.com/spreadsheets/d/1RJrFMGUC-XijmB6MWr0bUJNzuN7BM1"&"j8R_D0vOt0s8I/edit?usp=sharing"", ""'Master Data TK V0.2 (AUTO)'!S6:S""))"),167.0) -> 167 | G52: =IFERROR(__xludf.DUMMYFUNCTION("XLOOKUP($C52, IMPORTRANGE(""https://docs.google.com/spreadsheets/d/1RJrFMGUC-XijmB6MWr0bUJNzuN7BM1j8R_D0vOt0s8I/edit?usp=sharing"", ""'Master Data TK V0.2 (AUTO)'!F6:F""), IMPORTRANGE(""https://docs.google.com/spreadsheets/d/1RJrFMGUC-XijmB6MWr0bUJNzuN7BM"&"1j8R_D0vOt0s8I/edit?usp=sharing"", ""'Master Data TK V0.2 (AUTO)'!T6:T""))"),90.0) -> 90 | H52: =IFERROR(__xludf.DUMMYFUNCTION("XLOOKUP($C52, IMPORTRANGE(""https://docs.google.com/spreadsheets/d/1RJrFMGUC-XijmB6MWr0bUJNzuN7BM1j8R_D0vOt0s8I/edit?usp=sharing"", ""'Master Data TK V0.2 (AUTO)'!F6:F""), IMPORTRANGE(""https://docs.google.com/spreadsheets/d/1RJrFMGUC-XijmB6MWr0bUJNzuN7BM"&"1j8R_D0vOt0s8I/edit?usp=sharing"", ""'Master Data TK V0.2 (AUTO)'!V6:V""))"),82.0) -> 82 | K52: =IFERROR(__xludf.DUMMYFUNCTION("XLOOKUP($C52, IMPORTRANGE(""https://docs.google.com/spreadsheets/d/1RJrFMGUC-XijmB6MWr0bUJNzuN7BM1j8R_D0vOt0s8I/edit?usp=sharing"", ""'Master Data TK V0.2 (AUTO)'!F6:F""), IMPORTRANGE(""https://docs.google.com/spreadsheets/d/1RJrFMGUC-XijmB6MWr0bUJNzuN7BM"&"1j8R_D0vOt0s8I/edit?usp=sharing"", ""'Master Data TK V0.2 (AUTO)'!W6:W""))"),10.0) -> 10 | L52: =IFERROR(__xludf.DUMMYFUNCTION("XLOOKUP($C52, IMPORTRANGE(""https://docs.google.com/spreadsheets/d/1RJrFMGUC-XijmB6MWr0bUJNzuN7BM1j8R_D0vOt0s8I/edit?usp=sharing"", ""'Master Data TK V0.2 (AUTO)'!F6:F""), IMPORTRANGE(""https://docs.google.com/spreadsheets/d/1RJrFMGUC-XijmB6MWr0bUJNzuN7BM"&"1j8R_D0vOt0s8I/edit?usp=sharing"", ""'Master Data TK V0.2 (AUTO)'!X6:X""))"),47.0) -> 47
A53: CRO 2 | B53: Regional Riau 1 | C53: KKPA MAL 250 | D53: KB-KM2-01 | E53: {=XLOOKUP(C53,'DATA TK PANEN'!D:D,'DATA TK PANEN'!H:H)} -> 250.49 | F53: =IFERROR(__xludf.DUMMYFUNCTION("XLOOKUP(C53, IMPORTRANGE(""https://docs.google.com/spreadsheets/d/1RJrFMGUC-XijmB6MWr0bUJNzuN7BM1j8R_D0vOt0s8I/edit?usp=sharing"", ""'Master Data TK V0.2 (AUTO)'!F6:F""), IMPORTRANGE(""https://docs.google.com/spreadsheets/d/1RJrFMGUC-XijmB6MWr0bUJNzuN7BM1"&"j8R_D0vOt0s8I/edit?usp=sharing"", ""'Master Data TK V0.2 (AUTO)'!S6:S""))"),14.0) -> 14 | G53: =IFERROR(__xludf.DUMMYFUNCTION("XLOOKUP($C53, IMPORTRANGE(""https://docs.google.com/spreadsheets/d/1RJrFMGUC-XijmB6MWr0bUJNzuN7BM1j8R_D0vOt0s8I/edit?usp=sharing"", ""'Master Data TK V0.2 (AUTO)'!F6:F""), IMPORTRANGE(""https://docs.google.com/spreadsheets/d/1RJrFMGUC-XijmB6MWr0bUJNzuN7BM"&"1j8R_D0vOt0s8I/edit?usp=sharing"", ""'Master Data TK V0.2 (AUTO)'!T6:T""))"),7.0) -> 7 | H53: =IFERROR(__xludf.DUMMYFUNCTION("XLOOKUP($C53, IMPORTRANGE(""https://docs.google.com/spreadsheets/d/1RJrFMGUC-XijmB6MWr0bUJNzuN7BM1j8R_D0vOt0s8I/edit?usp=sharing"", ""'Master Data TK V0.2 (AUTO)'!F6:F""), IMPORTRANGE(""https://docs.google.com/spreadsheets/d/1RJrFMGUC-XijmB6MWr0bUJNzuN7BM"&"1j8R_D0vOt0s8I/edit?usp=sharing"", ""'Master Data TK V0.2 (AUTO)'!V6:V""))"),7.0) -> 7 | K53: =IFERROR(__xludf.DUMMYFUNCTION("XLOOKUP($C53, IMPORTRANGE(""https://docs.google.com/spreadsheets/d/1RJrFMGUC-XijmB6MWr0bUJNzuN7BM1j8R_D0vOt0s8I/edit?usp=sharing"", ""'Master Data TK V0.2 (AUTO)'!F6:F""), IMPORTRANGE(""https://docs.google.com/spreadsheets/d/1RJrFMGUC-XijmB6MWr0bUJNzuN7BM"&"1j8R_D0vOt0s8I/edit?usp=sharing"", ""'Master Data TK V0.2 (AUTO)'!W6:W""))"),3.0) -> 3 | L53: =IFERROR(__xludf.DUMMYFUNCTION("XLOOKUP($C53, IMPORTRANGE(""https://docs.google.com/spreadsheets/d/1RJrFMGUC-XijmB6MWr0bUJNzuN7BM1j8R_D0vOt0s8I/edit?usp=sharing"", ""'Master Data TK V0.2 (AUTO)'!F6:F""), IMPORTRANGE(""https://docs.google.com/spreadsheets/d/1RJrFMGUC-XijmB6MWr0bUJNzuN7BM"&"1j8R_D0vOt0s8I/edit?usp=sharing"", ""'Master Data TK V0.2 (AUTO)'!X6:X""))"),4.0) -> 4
A54: CRO 2 | B54: Regional Riau 1 | C54: Palma Inti Lestari (PIL) | D54: KB-PIL-01 | E54: {=XLOOKUP(C54,'DATA TK PANEN'!D:D,'DATA TK PANEN'!H:H)} -> 34 | F54: =IFERROR(__xludf.DUMMYFUNCTION("XLOOKUP(C54, IMPORTRANGE(""https://docs.google.com/spreadsheets/d/1RJrFMGUC-XijmB6MWr0bUJNzuN7BM1j8R_D0vOt0s8I/edit?usp=sharing"", ""'Master Data TK V0.2 (AUTO)'!F6:F""), IMPORTRANGE(""https://docs.google.com/spreadsheets/d/1RJrFMGUC-XijmB6MWr0bUJNzuN7BM1"&"j8R_D0vOt0s8I/edit?usp=sharing"", ""'Master Data TK V0.2 (AUTO)'!S6:S""))"),2.0) -> 2 | G54: =IFERROR(__xludf.DUMMYFUNCTION("XLOOKUP($C54, IMPORTRANGE(""https://docs.google.com/spreadsheets/d/1RJrFMGUC-XijmB6MWr0bUJNzuN7BM1j8R_D0vOt0s8I/edit?usp=sharing"", ""'Master Data TK V0.2 (AUTO)'!F6:F""), IMPORTRANGE(""https://docs.google.com/spreadsheets/d/1RJrFMGUC-XijmB6MWr0bUJNzuN7BM"&"1j8R_D0vOt0s8I/edit?usp=sharing"", ""'Master Data TK V0.2 (AUTO)'!T6:T""))"),3.0) -> 3 | H54: =IFERROR(__xludf.DUMMYFUNCTION("XLOOKUP($C54, IMPORTRANGE(""https://docs.google.com/spreadsheets/d/1RJrFMGUC-XijmB6MWr0bUJNzuN7BM1j8R_D0vOt0s8I/edit?usp=sharing"", ""'Master Data TK V0.2 (AUTO)'!F6:F""), IMPORTRANGE(""https://docs.google.com/spreadsheets/d/1RJrFMGUC-XijmB6MWr0bUJNzuN7BM"&"1j8R_D0vOt0s8I/edit?usp=sharing"", ""'Master Data TK V0.2 (AUTO)'!V6:V""))"),3.0) -> 3 | K54: =IFERROR(__xludf.DUMMYFUNCTION("XLOOKUP($C54, IMPORTRANGE(""https://docs.google.com/spreadsheets/d/1RJrFMGUC-XijmB6MWr0bUJNzuN7BM1j8R_D0vOt0s8I/edit?usp=sharing"", ""'Master Data TK V0.2 (AUTO)'!F6:F""), IMPORTRANGE(""https://docs.google.com/spreadsheets/d/1RJrFMGUC-XijmB6MWr0bUJNzuN7BM"&"1j8R_D0vOt0s8I/edit?usp=sharing"", ""'Master Data TK V0.2 (AUTO)'!W6:W""))"),0.0) -> 0 | L54: =IFERROR(__xludf.DUMMYFUNCTION("XLOOKUP($C54, IMPORTRANGE(""https://docs.google.com/spreadsheets/d/1RJrFMGUC-XijmB6MWr0bUJNzuN7BM1j8R_D0vOt0s8I/edit?usp=sharing"", ""'Master Data TK V0.2 (AUTO)'!F6:F""), IMPORTRANGE(""https://docs.google.com/spreadsheets/d/1RJrFMGUC-XijmB6MWr0bUJNzuN7BM"&"1j8R_D0vOt0s8I/edit?usp=sharing"", ""'Master Data TK V0.2 (AUTO)'!X6:X""))"),0.0) -> 0
A55: CRO 2 | B55: Regional Riau 1 | C55: Aditya Palma Nusantara (APN) | D55: KB-APN-01 | E55: {=XLOOKUP(C55,'DATA TK PANEN'!D:D,'DATA TK PANEN'!H:H)} -> 1104.56 | F55: =IFERROR(__xludf.DUMMYFUNCTION("XLOOKUP(C55, IMPORTRANGE(""https://docs.google.com/spreadsheets/d/1RJrFMGUC-XijmB6MWr0bUJNzuN7BM1j8R_D0vOt0s8I/edit?usp=sharing"", ""'Master Data TK V0.2 (AUTO)'!F6:F""), IMPORTRANGE(""https://docs.google.com/spreadsheets/d/1RJrFMGUC-XijmB6MWr0bUJNzuN7BM1"&"j8R_D0vOt0s8I/edit?usp=sharing"", ""'Master Data TK V0.2 (AUTO)'!S6:S""))"),66.0) -> 66 | G55: =IFERROR(__xludf.DUMMYFUNCTION("XLOOKUP($C55, IMPORTRANGE(""https://docs.google.com/spreadsheets/d/1RJrFMGUC-XijmB6MWr0bUJNzuN7BM1j8R_D0vOt0s8I/edit?usp=sharing"", ""'Master Data TK V0.2 (AUTO)'!F6:F""), IMPORTRANGE(""https://docs.google.com/spreadsheets/d/1RJrFMGUC-XijmB6MWr0bUJNzuN7BM"&"1j8R_D0vOt0s8I/edit?usp=sharing"", ""'Master Data TK V0.2 (AUTO)'!T6:T""))"),36.0) -> 36 | H55: =IFERROR(__xludf.DUMMYFUNCTION("XLOOKUP($C55, IMPORTRANGE(""https://docs.google.com/spreadsheets/d/1RJrFMGUC-XijmB6MWr0bUJNzuN7BM1j8R_D0vOt0s8I/edit?usp=sharing"", ""'Master Data TK V0.2 (AUTO)'!F6:F""), IMPORTRANGE(""https://docs.google.com/spreadsheets/d/1RJrFMGUC-XijmB6MWr0bUJNzuN7BM"&"1j8R_D0vOt0s8I/edit?usp=sharing"", ""'Master Data TK V0.2 (AUTO)'!V6:V""))"),42.0) -> 42 | K55: =IFERROR(__xludf.DUMMYFUNCTION("XLOOKUP($C55, IMPORTRANGE(""https://docs.google.com/spreadsheets/d/1RJrFMGUC-XijmB6MWr0bUJNzuN7BM1j8R_D0vOt0s8I/edit?usp=sharing"", ""'Master Data TK V0.2 (AUTO)'!F6:F""), IMPORTRANGE(""https://docs.google.com/spreadsheets/d/1RJrFMGUC-XijmB6MWr0bUJNzuN7BM"&"1j8R_D0vOt0s8I/edit?usp=sharing"", ""'Master Data TK V0.2 (AUTO)'!W6:W""))"),10.0) -> 10 | L55: =IFERROR(__xludf.DUMMYFUNCTION("XLOOKUP($C55, IMPORTRANGE(""https://docs.google.com/spreadsheets/d/1RJrFMGUC-XijmB6MWr0bUJNzuN7BM1j8R_D0vOt0s8I/edit?usp=sharing"", ""'Master Data TK V0.2 (AUTO)'!F6:F""), IMPORTRANGE(""https://docs.google.com/spreadsheets/d/1RJrFMGUC-XijmB6MWr0bUJNzuN7BM"&"1j8R_D0vOt0s8I/edit?usp=sharing"", ""'Master Data TK V0.2 (AUTO)'!X6:X""))"),14.0) -> 14
A56: CRO 2 | B56: Regional Riau 1 | C56: Banyu Bening Utama (BBU I) | D56: KB-BBU-01 | E56: {=XLOOKUP(C56,'DATA TK PANEN'!D:D,'DATA TK PANEN'!H:H)} -> 4157.86 | F56: =IFERROR(__xludf.DUMMYFUNCTION("XLOOKUP(C56, IMPORTRANGE(""https://docs.google.com/spreadsheets/d/1RJrFMGUC-XijmB6MWr0bUJNzuN7BM1j8R_D0vOt0s8I/edit?usp=sharing"", ""'Master Data TK V0.2 (AUTO)'!F6:F""), IMPORTRANGE(""https://docs.google.com/spreadsheets/d/1RJrFMGUC-XijmB6MWr0bUJNzuN7BM1"&"j8R_D0vOt0s8I/edit?usp=sharing"", ""'Master Data TK V0.2 (AUTO)'!S6:S""))"),249.0) -> 249 | G56: =IFERROR(__xludf.DUMMYFUNCTION("XLOOKUP($C56, IMPORTRANGE(""https://docs.google.com/spreadsheets/d/1RJrFMGUC-XijmB6MWr0bUJNzuN7BM1j8R_D0vOt0s8I/edit?usp=sharing"", ""'Master Data TK V0.2 (AUTO)'!F6:F""), IMPORTRANGE(""https://docs.google.com/spreadsheets/d/1RJrFMGUC-XijmB6MWr0bUJNzuN7BM"&"1j8R_D0vOt0s8I/edit?usp=sharing"", ""'Master Data TK V0.2 (AUTO)'!T6:T""))"),192.0) -> 192 | H56: =IFERROR(__xludf.DUMMYFUNCTION("XLOOKUP($C56, IMPORTRANGE(""https://docs.google.com/spreadsheets/d/1RJrFMGUC-XijmB6MWr0bUJNzuN7BM1j8R_D0vOt0s8I/edit?usp=sharing"", ""'Master Data TK V0.2 (AUTO)'!F6:F""), IMPORTRANGE(""https://docs.google.com/spreadsheets/d/1RJrFMGUC-XijmB6MWr0bUJNzuN7BM"&"1j8R_D0vOt0s8I/edit?usp=sharing"", ""'Master Data TK V0.2 (AUTO)'!V6:V""))"),201.0) -> 201 | K56: =IFERROR(__xludf.DUMMYFUNCTION("XLOOKUP($C56, IMPORTRANGE(""https://docs.google.com/spreadsheets/d/1RJrFMGUC-XijmB6MWr0bUJNzuN7BM1j8R_D0vOt0s8I/edit?usp=sharing"", ""'Master Data TK V0.2 (AUTO)'!F6:F""), IMPORTRANGE(""https://docs.google.com/spreadsheets/d/1RJrFMGUC-XijmB6MWr0bUJNzuN7BM"&"1j8R_D0vOt0s8I/edit?usp=sharing"", ""'Master Data TK V0.2 (AUTO)'!W6:W""))"),19.0) -> 19 | L56: =IFERROR(__xludf.DUMMYFUNCTION("XLOOKUP($C56, IMPORTRANGE(""https://docs.google.com/spreadsheets/d/1RJrFMGUC-XijmB6MWr0bUJNzuN7BM1j8R_D0vOt0s8I/edit?usp=sharing"", ""'Master Data TK V0.2 (AUTO)'!F6:F""), IMPORTRANGE(""https://docs.google.com/spreadsheets/d/1RJrFMGUC-XijmB6MWr0bUJNzuN7BM"&"1j8R_D0vOt0s8I/edit?usp=sharing"", ""'Master Data TK V0.2 (AUTO)'!X6:X""))"),29.0) -> 29
A57: CRO 2 | B57: Regional Riau 1 | C57: Banyu Bening Utama (BBU II) | D57: KB-BBU-02 | E57: {=XLOOKUP(C57,'DATA TK PANEN'!D:D,'DATA TK PANEN'!H:H)} -> 3014.12 | F57: =IFERROR(__xludf.DUMMYFUNCTION("XLOOKUP(C57, IMPORTRANGE(""https://docs.google.com/spreadsheets/d/1RJrFMGUC-XijmB6MWr0bUJNzuN7BM1j8R_D0vOt0s8I/edit?usp=sharing"", ""'Master Data TK V0.2 (AUTO)'!F6:F""), IMPORTRANGE(""https://docs.google.com/spreadsheets/d/1RJrFMGUC-XijmB6MWr0bUJNzuN7BM1"&"j8R_D0vOt0s8I/edit?usp=sharing"", ""'Master Data TK V0.2 (AUTO)'!S6:S""))"),182.0) -> 182 | G57: =IFERROR(__xludf.DUMMYFUNCTION("XLOOKUP($C57, IMPORTRANGE(""https://docs.google.com/spreadsheets/d/1RJrFMGUC-XijmB6MWr0bUJNzuN7BM1j8R_D0vOt0s8I/edit?usp=sharing"", ""'Master Data TK V0.2 (AUTO)'!F6:F""), IMPORTRANGE(""https://docs.google.com/spreadsheets/d/1RJrFMGUC-XijmB6MWr0bUJNzuN7BM"&"1j8R_D0vOt0s8I/edit?usp=sharing"", ""'Master Data TK V0.2 (AUTO)'!T6:T""))"),163.0) -> 163 | H57: =IFERROR(__xludf.DUMMYFUNCTION("XLOOKUP($C57, IMPORTRANGE(""https://docs.google.com/spreadsheets/d/1RJrFMGUC-XijmB6MWr0bUJNzuN7BM1j8R_D0vOt0s8I/edit?usp=sharing"", ""'Master Data TK V0.2 (AUTO)'!F6:F""), IMPORTRANGE(""https://docs.google.com/spreadsheets/d/1RJrFMGUC-XijmB6MWr0bUJNzuN7BM"&"1j8R_D0vOt0s8I/edit?usp=sharing"", ""'Master Data TK V0.2 (AUTO)'!V6:V""))"),166.0) -> 166 | K57: =IFERROR(__xludf.DUMMYFUNCTION("XLOOKUP($C57, IMPORTRANGE(""https://docs.google.com/spreadsheets/d/1RJrFMGUC-XijmB6MWr0bUJNzuN7BM1j8R_D0vOt0s8I/edit?usp=sharing"", ""'Master Data TK V0.2 (AUTO)'!F6:F""), IMPORTRANGE(""https://docs.google.com/spreadsheets/d/1RJrFMGUC-XijmB6MWr0bUJNzuN7BM"&"1j8R_D0vOt0s8I/edit?usp=sharing"", ""'Master Data TK V0.2 (AUTO)'!W6:W""))"),6.0) -> 6 | L57: =IFERROR(__xludf.DUMMYFUNCTION("XLOOKUP($C57, IMPORTRANGE(""https://docs.google.com/spreadsheets/d/1RJrFMGUC-XijmB6MWr0bUJNzuN7BM1j8R_D0vOt0s8I/edit?usp=sharing"", ""'Master Data TK V0.2 (AUTO)'!F6:F""), IMPORTRANGE(""https://docs.google.com/spreadsheets/d/1RJrFMGUC-XijmB6MWr0bUJNzuN7BM"&"1j8R_D0vOt0s8I/edit?usp=sharing"", ""'Master Data TK V0.2 (AUTO)'!X6:X""))"),10.0) -> 10
A58: CRO 2 | B58: Regional Riau 1 | C58: Cerenti Subur (CSB I) | D58: KB-CSC-01 | E58: {=XLOOKUP(C58,'DATA TK PANEN'!D:D,'DATA TK PANEN'!H:H)} -> 3839.43 | F58: =IFERROR(__xludf.DUMMYFUNCTION("XLOOKUP(C58, IMPORTRANGE(""https://docs.google.com/spreadsheets/d/1RJrFMGUC-XijmB6MWr0bUJNzuN7BM1j8R_D0vOt0s8I/edit?usp=sharing"", ""'Master Data TK V0.2 (AUTO)'!F6:F""), IMPORTRANGE(""https://docs.google.com/spreadsheets/d/1RJrFMGUC-XijmB6MWr0bUJNzuN7BM1"&"j8R_D0vOt0s8I/edit?usp=sharing"", ""'Master Data TK V0.2 (AUTO)'!S6:S""))"),230.0) -> 230 | G58: =IFERROR(__xludf.DUMMYFUNCTION("XLOOKUP($C58, IMPORTRANGE(""https://docs.google.com/spreadsheets/d/1RJrFMGUC-XijmB6MWr0bUJNzuN7BM1j8R_D0vOt0s8I/edit?usp=sharing"", ""'Master Data TK V0.2 (AUTO)'!F6:F""), IMPORTRANGE(""https://docs.google.com/spreadsheets/d/1RJrFMGUC-XijmB6MWr0bUJNzuN7BM"&"1j8R_D0vOt0s8I/edit?usp=sharing"", ""'Master Data TK V0.2 (AUTO)'!T6:T""))"),218.0) -> 218 | H58: =IFERROR(__xludf.DUMMYFUNCTION("XLOOKUP($C58, IMPORTRANGE(""https://docs.google.com/spreadsheets/d/1RJrFMGUC-XijmB6MWr0bUJNzuN7BM1j8R_D0vOt0s8I/edit?usp=sharing"", ""'Master Data TK V0.2 (AUTO)'!F6:F""), IMPORTRANGE(""https://docs.google.com/spreadsheets/d/1RJrFMGUC-XijmB6MWr0bUJNzuN7BM"&"1j8R_D0vOt0s8I/edit?usp=sharing"", ""'Master Data TK V0.2 (AUTO)'!V6:V""))"),219.0) -> 219 | K58: =IFERROR(__xludf.DUMMYFUNCTION("XLOOKUP($C58, IMPORTRANGE(""https://docs.google.com/spreadsheets/d/1RJrFMGUC-XijmB6MWr0bUJNzuN7BM1j8R_D0vOt0s8I/edit?usp=sharing"", ""'Master Data TK V0.2 (AUTO)'!F6:F""), IMPORTRANGE(""https://docs.google.com/spreadsheets/d/1RJrFMGUC-XijmB6MWr0bUJNzuN7BM"&"1j8R_D0vOt0s8I/edit?usp=sharing"", ""'Master Data TK V0.2 (AUTO)'!W6:W""))"),4.0) -> 4 | L58: =IFERROR(__xludf.DUMMYFUNCTION("XLOOKUP($C58, IMPORTRANGE(""https://docs.google.com/spreadsheets/d/1RJrFMGUC-XijmB6MWr0bUJNzuN7BM1j8R_D0vOt0s8I/edit?usp=sharing"", ""'Master Data TK V0.2 (AUTO)'!F6:F""), IMPORTRANGE(""https://docs.google.com/spreadsheets/d/1RJrFMGUC-XijmB6MWr0bUJNzuN7BM"&"1j8R_D0vOt0s8I/edit?usp=sharing"", ""'Master Data TK V0.2 (AUTO)'!X6:X""))"),7.0) -> 7
A59: CRO 2 | B59: Regional Riau 1 | C59: Cerenti Subur (CSB II) | D59: KB-CSC-02 | E59: {=XLOOKUP(C59,'DATA TK PANEN'!D:D,'DATA TK PANEN'!H:H)} -> 4579.57 | F59: =IFERROR(__xludf.DUMMYFUNCTION("XLOOKUP(C59, IMPORTRANGE(""https://docs.google.com/spreadsheets/d/1RJrFMGUC-XijmB6MWr0bUJNzuN7BM1j8R_D0vOt0s8I/edit?usp=sharing"", ""'Master Data TK V0.2 (AUTO)'!F6:F""), IMPORTRANGE(""https://docs.google.com/spreadsheets/d/1RJrFMGUC-XijmB6MWr0bUJNzuN7BM1"&"j8R_D0vOt0s8I/edit?usp=sharing"", ""'Master Data TK V0.2 (AUTO)'!S6:S""))"),244.0) -> 244 | G59: =IFERROR(__xludf.DUMMYFUNCTION("XLOOKUP($C59, IMPORTRANGE(""https://docs.google.com/spreadsheets/d/1RJrFMGUC-XijmB6MWr0bUJNzuN7BM1j8R_D0vOt0s8I/edit?usp=sharing"", ""'Master Data TK V0.2 (AUTO)'!F6:F""), IMPORTRANGE(""https://docs.google.com/spreadsheets/d/1RJrFMGUC-XijmB6MWr0bUJNzuN7BM"&"1j8R_D0vOt0s8I/edit?usp=sharing"", ""'Master Data TK V0.2 (AUTO)'!T6:T""))"),236.0) -> 236 | H59: =IFERROR(__xludf.DUMMYFUNCTION("XLOOKUP($C59, IMPORTRANGE(""https://docs.google.com/spreadsheets/d/1RJrFMGUC-XijmB6MWr0bUJNzuN7BM1j8R_D0vOt0s8I/edit?usp=sharing"", ""'Master Data TK V0.2 (AUTO)'!F6:F""), IMPORTRANGE(""https://docs.google.com/spreadsheets/d/1RJrFMGUC-XijmB6MWr0bUJNzuN7BM"&"1j8R_D0vOt0s8I/edit?usp=sharing"", ""'Master Data TK V0.2 (AUTO)'!V6:V""))"),237.0) -> 237 | K59: =IFERROR(__xludf.DUMMYFUNCTION("XLOOKUP($C59, IMPORTRANGE(""https://docs.google.com/spreadsheets/d/1RJrFMGUC-XijmB6MWr0bUJNzuN7BM1j8R_D0vOt0s8I/edit?usp=sharing"", ""'Master Data TK V0.2 (AUTO)'!F6:F""), IMPORTRANGE(""https://docs.google.com/spreadsheets/d/1RJrFMGUC-XijmB6MWr0bUJNzuN7BM"&"1j8R_D0vOt0s8I/edit?usp=sharing"", ""'Master Data TK V0.2 (AUTO)'!W6:W""))"),3.0) -> 3 | L59: =IFERROR(__xludf.DUMMYFUNCTION("XLOOKUP($C59, IMPORTRANGE(""https://docs.google.com/spreadsheets/d/1RJrFMGUC-XijmB6MWr0bUJNzuN7BM1j8R_D0vOt0s8I/edit?usp=sharing"", ""'Master Data TK V0.2 (AUTO)'!F6:F""), IMPORTRANGE(""https://docs.google.com/spreadsheets/d/1RJrFMGUC-XijmB6MWr0bUJNzuN7BM"&"1j8R_D0vOt0s8I/edit?usp=sharing"", ""'Master Data TK V0.2 (AUTO)'!X6:X""))"),4.0) -> 4
A60: CRO 2 | B60: Regional Riau 1 | C60: Duta Palma Nusantara (DPN I) | D60: KB-DPN-01 | E60: {=XLOOKUP(C60,'DATA TK PANEN'!D:D,'DATA TK PANEN'!H:H)} -> 4724.66 | F60: =IFERROR(__xludf.DUMMYFUNCTION("XLOOKUP(C60, IMPORTRANGE(""https://docs.google.com/spreadsheets/d/1RJrFMGUC-XijmB6MWr0bUJNzuN7BM1j8R_D0vOt0s8I/edit?usp=sharing"", ""'Master Data TK V0.2 (AUTO)'!F6:F""), IMPORTRANGE(""https://docs.google.com/spreadsheets/d/1RJrFMGUC-XijmB6MWr0bUJNzuN7BM1"&"j8R_D0vOt0s8I/edit?usp=sharing"", ""'Master Data TK V0.2 (AUTO)'!S6:S""))"),283.0) -> 283 | G60: =IFERROR(__xludf.DUMMYFUNCTION("XLOOKUP($C60, IMPORTRANGE(""https://docs.google.com/spreadsheets/d/1RJrFMGUC-XijmB6MWr0bUJNzuN7BM1j8R_D0vOt0s8I/edit?usp=sharing"", ""'Master Data TK V0.2 (AUTO)'!F6:F""), IMPORTRANGE(""https://docs.google.com/spreadsheets/d/1RJrFMGUC-XijmB6MWr0bUJNzuN7BM"&"1j8R_D0vOt0s8I/edit?usp=sharing"", ""'Master Data TK V0.2 (AUTO)'!T6:T""))"),219.0) -> 219 | H60: =IFERROR(__xludf.DUMMYFUNCTION("XLOOKUP($C60, IMPORTRANGE(""https://docs.google.com/spreadsheets/d/1RJrFMGUC-XijmB6MWr0bUJNzuN7BM1j8R_D0vOt0s8I/edit?usp=sharing"", ""'Master Data TK V0.2 (AUTO)'!F6:F""), IMPORTRANGE(""https://docs.google.com/spreadsheets/d/1RJrFMGUC-XijmB6MWr0bUJNzuN7BM"&"1j8R_D0vOt0s8I/edit?usp=sharing"", ""'Master Data TK V0.2 (AUTO)'!V6:V""))"),241.0) -> 241 | K60: =IFERROR(__xludf.DUMMYFUNCTION("XLOOKUP($C60, IMPORTRANGE(""https://docs.google.com/spreadsheets/d/1RJrFMGUC-XijmB6MWr0bUJNzuN7BM1j8R_D0vOt0s8I/edit?usp=sharing"", ""'Master Data TK V0.2 (AUTO)'!F6:F""), IMPORTRANGE(""https://docs.google.com/spreadsheets/d/1RJrFMGUC-XijmB6MWr0bUJNzuN7BM"&"1j8R_D0vOt0s8I/edit?usp=sharing"", ""'Master Data TK V0.2 (AUTO)'!W6:W""))"),17.0) -> 17 | L60: =IFERROR(__xludf.DUMMYFUNCTION("XLOOKUP($C60, IMPORTRANGE(""https://docs.google.com/spreadsheets/d/1RJrFMGUC-XijmB6MWr0bUJNzuN7BM1j8R_D0vOt0s8I/edit?usp=sharing"", ""'Master Data TK V0.2 (AUTO)'!F6:F""), IMPORTRANGE(""https://docs.google.com/spreadsheets/d/1RJrFMGUC-XijmB6MWr0bUJNzuN7BM"&"1j8R_D0vOt0s8I/edit?usp=sharing"", ""'Master Data TK V0.2 (AUTO)'!X6:X""))"),25.0) -> 25
A61: CRO 2 | B61: Regional Riau 1 | C61: Duta Palma Nusantara (DPN II) | D61: KB-DPN-02 | E61: {=XLOOKUP(C61,'DATA TK PANEN'!D:D,'DATA TK PANEN'!H:H)} -> 4648.22 | F61: =IFERROR(__xludf.DUMMYFUNCTION("XLOOKUP(C61, IMPORTRANGE(""https://docs.google.com/spreadsheets/d/1RJrFMGUC-XijmB6MWr0bUJNzuN7BM1j8R_D0vOt0s8I/edit?usp=sharing"", ""'Master Data TK V0.2 (AUTO)'!F6:F""), IMPORTRANGE(""https://docs.google.com/spreadsheets/d/1RJrFMGUC-XijmB6MWr0bUJNzuN7BM1"&"j8R_D0vOt0s8I/edit?usp=sharing"", ""'Master Data TK V0.2 (AUTO)'!S6:S""))"),291.0) -> 291 | G61: =IFERROR(__xludf.DUMMYFUNCTION("XLOOKUP($C61, IMPORTRANGE(""https://docs.google.com/spreadsheets/d/1RJrFMGUC-XijmB6MWr0bUJNzuN7BM1j8R_D0vOt0s8I/edit?usp=sharing"", ""'Master Data TK V0.2 (AUTO)'!F6:F""), IMPORTRANGE(""https://docs.google.com/spreadsheets/d/1RJrFMGUC-XijmB6MWr0bUJNzuN7BM"&"1j8R_D0vOt0s8I/edit?usp=sharing"", ""'Master Data TK V0.2 (AUTO)'!T6:T""))"),238.0) -> 238 | H61: =IFERROR(__xludf.DUMMYFUNCTION("XLOOKUP($C61, IMPORTRANGE(""https://docs.google.com/spreadsheets/d/1RJrFMGUC-XijmB6MWr0bUJNzuN7BM1j8R_D0vOt0s8I/edit?usp=sharing"", ""'Master Data TK V0.2 (AUTO)'!F6:F""), IMPORTRANGE(""https://docs.google.com/spreadsheets/d/1RJrFMGUC-XijmB6MWr0bUJNzuN7BM"&"1j8R_D0vOt0s8I/edit?usp=sharing"", ""'Master Data TK V0.2 (AUTO)'!V6:V""))"),239.0) -> 239 | K61: =IFERROR(__xludf.DUMMYFUNCTION("XLOOKUP($C61, IMPORTRANGE(""https://docs.google.com/spreadsheets/d/1RJrFMGUC-XijmB6MWr0bUJNzuN7BM1j8R_D0vOt0s8I/edit?usp=sharing"", ""'Master Data TK V0.2 (AUTO)'!F6:F""), IMPORTRANGE(""https://docs.google.com/spreadsheets/d/1RJrFMGUC-XijmB6MWr0bUJNzuN7BM"&"1j8R_D0vOt0s8I/edit?usp=sharing"", ""'Master Data TK V0.2 (AUTO)'!W6:W""))"),21.0) -> 21 | L61: =IFERROR(__xludf.DUMMYFUNCTION("XLOOKUP($C61, IMPORTRANGE(""https://docs.google.com/spreadsheets/d/1RJrFMGUC-XijmB6MWr0bUJNzuN7BM1j8R_D0vOt0s8I/edit?usp=sharing"", ""'Master Data TK V0.2 (AUTO)'!F6:F""), IMPORTRANGE(""https://docs.google.com/spreadsheets/d/1RJrFMGUC-XijmB6MWr0bUJNzuN7BM"&"1j8R_D0vOt0s8I/edit?usp=sharing"", ""'Master Data TK V0.2 (AUTO)'!X6:X""))"),31.0) -> 31
A62: CRO 2 | B62: Regional Riau 1 | C62: Duta Palma Nusantara (DPN III) | D62: KB-DPN-03 | E62: {=XLOOKUP(C62,'DATA TK PANEN'!D:D,'DATA TK PANEN'!H:H)} -> 2420.65 | F62: =IFERROR(__xludf.DUMMYFUNCTION("XLOOKUP(C62, IMPORTRANGE(""https://docs.google.com/spreadsheets/d/1RJrFMGUC-XijmB6MWr0bUJNzuN7BM1j8R_D0vOt0s8I/edit?usp=sharing"", ""'Master Data TK V0.2 (AUTO)'!F6:F""), IMPORTRANGE(""https://docs.google.com/spreadsheets/d/1RJrFMGUC-XijmB6MWr0bUJNzuN7BM1"&"j8R_D0vOt0s8I/edit?usp=sharing"", ""'Master Data TK V0.2 (AUTO)'!S6:S""))"),145.0) -> 145 | G62: =IFERROR(__xludf.DUMMYFUNCTION("XLOOKUP($C62, IMPORTRANGE(""https://docs.google.com/spreadsheets/d/1RJrFMGUC-XijmB6MWr0bUJNzuN7BM1j8R_D0vOt0s8I/edit?usp=sharing"", ""'Master Data TK V0.2 (AUTO)'!F6:F""), IMPORTRANGE(""https://docs.google.com/spreadsheets/d/1RJrFMGUC-XijmB6MWr0bUJNzuN7BM"&"1j8R_D0vOt0s8I/edit?usp=sharing"", ""'Master Data TK V0.2 (AUTO)'!T6:T""))"),107.0) -> 107 | H62: =IFERROR(__xludf.DUMMYFUNCTION("XLOOKUP($C62, IMPORTRANGE(""https://docs.google.com/spreadsheets/d/1RJrFMGUC-XijmB6MWr0bUJNzuN7BM1j8R_D0vOt0s8I/edit?usp=sharing"", ""'Master Data TK V0.2 (AUTO)'!F6:F""), IMPORTRANGE(""https://docs.google.com/spreadsheets/d/1RJrFMGUC-XijmB6MWr0bUJNzuN7BM"&"1j8R_D0vOt0s8I/edit?usp=sharing"", ""'Master Data TK V0.2 (AUTO)'!V6:V""))"),110.0) -> 110 | K62: =IFERROR(__xludf.DUMMYFUNCTION("XLOOKUP($C62, IMPORTRANGE(""https://docs.google.com/spreadsheets/d/1RJrFMGUC-XijmB6MWr0bUJNzuN7BM1j8R_D0vOt0s8I/edit?usp=sharing"", ""'Master Data TK V0.2 (AUTO)'!F6:F""), IMPORTRANGE(""https://docs.google.com/spreadsheets/d/1RJrFMGUC-XijmB6MWr0bUJNzuN7BM"&"1j8R_D0vOt0s8I/edit?usp=sharing"", ""'Master Data TK V0.2 (AUTO)'!W6:W""))"),14.0) -> 14 | L62: =IFERROR(__xludf.DUMMYFUNCTION("XLOOKUP($C62, IMPORTRANGE(""https://docs.google.com/spreadsheets/d/1RJrFMGUC-XijmB6MWr0bUJNzuN7BM1j8R_D0vOt0s8I/edit?usp=sharing"", ""'Master Data TK V0.2 (AUTO)'!F6:F""), IMPORTRANGE(""https://docs.google.com/spreadsheets/d/1RJrFMGUC-XijmB6MWr0bUJNzuN7BM"&"1j8R_D0vOt0s8I/edit?usp=sharing"", ""'Master Data TK V0.2 (AUTO)'!X6:X""))"),21.0) -> 21
A63: CRO 2 | B63: Regional Riau 1 | C63: Eluan Mahkota (EMA) | D63: KB-EMA-01 | E63: {=XLOOKUP(C63,'DATA TK PANEN'!D:D,'DATA TK PANEN'!H:H)} -> 4648.18 | F63: =IFERROR(__xludf.DUMMYFUNCTION("XLOOKUP(C63, IMPORTRANGE(""https://docs.google.com/spreadsheets/d/1RJrFMGUC-XijmB6MWr0bUJNzuN7BM1j8R_D0vOt0s8I/edit?usp=sharing"", ""'Master Data TK V0.2 (AUTO)'!F6:F""), IMPORTRANGE(""https://docs.google.com/spreadsheets/d/1RJrFMGUC-XijmB6MWr0bUJNzuN7BM1"&"j8R_D0vOt0s8I/edit?usp=sharing"", ""'Master Data TK V0.2 (AUTO)'!S6:S""))"),197.0) -> 197 | G63: =IFERROR(__xludf.DUMMYFUNCTION("XLOOKUP($C63, IMPORTRANGE(""https://docs.google.com/spreadsheets/d/1RJrFMGUC-XijmB6MWr0bUJNzuN7BM1j8R_D0vOt0s8I/edit?usp=sharing"", ""'Master Data TK V0.2 (AUTO)'!F6:F""), IMPORTRANGE(""https://docs.google.com/spreadsheets/d/1RJrFMGUC-XijmB6MWr0bUJNzuN7BM"&"1j8R_D0vOt0s8I/edit?usp=sharing"", ""'Master Data TK V0.2 (AUTO)'!T6:T""))"),136.0) -> 136 | H63: =IFERROR(__xludf.DUMMYFUNCTION("XLOOKUP($C63, IMPORTRANGE(""https://docs.google.com/spreadsheets/d/1RJrFMGUC-XijmB6MWr0bUJNzuN7BM1j8R_D0vOt0s8I/edit?usp=sharing"", ""'Master Data TK V0.2 (AUTO)'!F6:F""), IMPORTRANGE(""https://docs.google.com/spreadsheets/d/1RJrFMGUC-XijmB6MWr0bUJNzuN7BM"&"1j8R_D0vOt0s8I/edit?usp=sharing"", ""'Master Data TK V0.2 (AUTO)'!V6:V""))"),130.0) -> 130 | K63: =IFERROR(__xludf.DUMMYFUNCTION("XLOOKUP($C63, IMPORTRANGE(""https://docs.google.com/spreadsheets/d/1RJrFMGUC-XijmB6MWr0bUJNzuN7BM1j8R_D0vOt0s8I/edit?usp=sharing"", ""'Master Data TK V0.2 (AUTO)'!F6:F""), IMPORTRANGE(""https://docs.google.com/spreadsheets/d/1RJrFMGUC-XijmB6MWr0bUJNzuN7BM"&"1j8R_D0vOt0s8I/edit?usp=sharing"", ""'Master Data TK V0.2 (AUTO)'!W6:W""))"),27.0) -> 27 | L63: =IFERROR(__xludf.DUMMYFUNCTION("XLOOKUP($C63, IMPORTRANGE(""https://docs.google.com/spreadsheets/d/1RJrFMGUC-XijmB6MWr0bUJNzuN7BM1j8R_D0vOt0s8I/edit?usp=sharing"", ""'Master Data TK V0.2 (AUTO)'!F6:F""), IMPORTRANGE(""https://docs.google.com/spreadsheets/d/1RJrFMGUC-XijmB6MWr0bUJNzuN7BM"&"1j8R_D0vOt0s8I/edit?usp=sharing"", ""'Master Data TK V0.2 (AUTO)'!X6:X""))"),40.0) -> 40
A64: CRO 2 | B64: Regional Riau 1 | C64: Johan Sentosa (JHS) | D64: KB-JHS-01 | E64: {=XLOOKUP(C64,'DATA TK PANEN'!D:D,'DATA TK PANEN'!H:H)} -> 3834.49 | F64: =IFERROR(__xludf.DUMMYFUNCTION("XLOOKUP(C64, IMPORTRANGE(""https://docs.google.com/spreadsheets/d/1RJrFMGUC-XijmB6MWr0bUJNzuN7BM1j8R_D0vOt0s8I/edit?usp=sharing"", ""'Master Data TK V0.2 (AUTO)'!F6:F""), IMPORTRANGE(""https://docs.google.com/spreadsheets/d/1RJrFMGUC-XijmB6MWr0bUJNzuN7BM1"&"j8R_D0vOt0s8I/edit?usp=sharing"", ""'Master Data TK V0.2 (AUTO)'!S6:S""))"),210.0) -> 210 | G64: =IFERROR(__xludf.DUMMYFUNCTION("XLOOKUP($C64, IMPORTRANGE(""https://docs.google.com/spreadsheets/d/1RJrFMGUC-XijmB6MWr0bUJNzuN7BM1j8R_D0vOt0s8I/edit?usp=sharing"", ""'Master Data TK V0.2 (AUTO)'!F6:F""), IMPORTRANGE(""https://docs.google.com/spreadsheets/d/1RJrFMGUC-XijmB6MWr0bUJNzuN7BM"&"1j8R_D0vOt0s8I/edit?usp=sharing"", ""'Master Data TK V0.2 (AUTO)'!T6:T""))"),176.0) -> 176 | H64: =IFERROR(__xludf.DUMMYFUNCTION("XLOOKUP($C64, IMPORTRANGE(""https://docs.google.com/spreadsheets/d/1RJrFMGUC-XijmB6MWr0bUJNzuN7BM1j8R_D0vOt0s8I/edit?usp=sharing"", ""'Master Data TK V0.2 (AUTO)'!F6:F""), IMPORTRANGE(""https://docs.google.com/spreadsheets/d/1RJrFMGUC-XijmB6MWr0bUJNzuN7BM"&"1j8R_D0vOt0s8I/edit?usp=sharing"", ""'Master Data TK V0.2 (AUTO)'!V6:V""))"),174.0) -> 174 | K64: =IFERROR(__xludf.DUMMYFUNCTION("XLOOKUP($C64, IMPORTRANGE(""https://docs.google.com/spreadsheets/d/1RJrFMGUC-XijmB6MWr0bUJNzuN7BM1j8R_D0vOt0s8I/edit?usp=sharing"", ""'Master Data TK V0.2 (AUTO)'!F6:F""), IMPORTRANGE(""https://docs.google.com/spreadsheets/d/1RJrFMGUC-XijmB6MWr0bUJNzuN7BM"&"1j8R_D0vOt0s8I/edit?usp=sharing"", ""'Master Data TK V0.2 (AUTO)'!W6:W""))"),14.0) -> 14 | L64: =IFERROR(__xludf.DUMMYFUNCTION("XLOOKUP($C64, IMPORTRANGE(""https://docs.google.com/spreadsheets/d/1RJrFMGUC-XijmB6MWr0bUJNzuN7BM1j8R_D0vOt0s8I/edit?usp=sharing"", ""'Master Data TK V0.2 (AUTO)'!F6:F""), IMPORTRANGE(""https://docs.google.com/spreadsheets/d/1RJrFMGUC-XijmB6MWr0bUJNzuN7BM"&"1j8R_D0vOt0s8I/edit?usp=sharing"", ""'Master Data TK V0.2 (AUTO)'!X6:X""))"),22.0) -> 22
A65: CRO 2 | B65: Regional Riau 1 | C65: Kencana Amal Tani (KAT I) | D65: KB-KAT-01 | E65: {=XLOOKUP(C65,'DATA TK PANEN'!D:D,'DATA TK PANEN'!H:H)} -> 3285.83 | F65: =IFERROR(__xludf.DUMMYFUNCTION("XLOOKUP(C65, IMPORTRANGE(""https://docs.google.com/spreadsheets/d/1RJrFMGUC-XijmB6MWr0bUJNzuN7BM1j8R_D0vOt0s8I/edit?usp=sharing"", ""'Master Data TK V0.2 (AUTO)'!F6:F""), IMPORTRANGE(""https://docs.google.com/spreadsheets/d/1RJrFMGUC-XijmB6MWr0bUJNzuN7BM1"&"j8R_D0vOt0s8I/edit?usp=sharing"", ""'Master Data TK V0.2 (AUTO)'!S6:S""))"),198.0) -> 198 | G65: =IFERROR(__xludf.DUMMYFUNCTION("XLOOKUP($C65, IMPORTRANGE(""https://docs.google.com/spreadsheets/d/1RJrFMGUC-XijmB6MWr0bUJNzuN7BM1j8R_D0vOt0s8I/edit?usp=sharing"", ""'Master Data TK V0.2 (AUTO)'!F6:F""), IMPORTRANGE(""https://docs.google.com/spreadsheets/d/1RJrFMGUC-XijmB6MWr0bUJNzuN7BM"&"1j8R_D0vOt0s8I/edit?usp=sharing"", ""'Master Data TK V0.2 (AUTO)'!T6:T""))"),159.0) -> 159 | H65: =IFERROR(__xludf.DUMMYFUNCTION("XLOOKUP($C65, IMPORTRANGE(""https://docs.google.com/spreadsheets/d/1RJrFMGUC-XijmB6MWr0bUJNzuN7BM1j8R_D0vOt0s8I/edit?usp=sharing"", ""'Master Data TK V0.2 (AUTO)'!F6:F""), IMPORTRANGE(""https://docs.google.com/spreadsheets/d/1RJrFMGUC-XijmB6MWr0bUJNzuN7BM"&"1j8R_D0vOt0s8I/edit?usp=sharing"", ""'Master Data TK V0.2 (AUTO)'!V6:V""))"),166.0) -> 166 | K65: =IFERROR(__xludf.DUMMYFUNCTION("XLOOKUP($C65, IMPORTRANGE(""https://docs.google.com/spreadsheets/d/1RJrFMGUC-XijmB6MWr0bUJNzuN7BM1j8R_D0vOt0s8I/edit?usp=sharing"", ""'Master Data TK V0.2 (AUTO)'!F6:F""), IMPORTRANGE(""https://docs.google.com/spreadsheets/d/1RJrFMGUC-XijmB6MWr0bUJNzuN7BM"&"1j8R_D0vOt0s8I/edit?usp=sharing"", ""'Master Data TK V0.2 (AUTO)'!W6:W""))"),13.0) -> 13 | L65: =IFERROR(__xludf.DUMMYFUNCTION("XLOOKUP($C65, IMPORTRANGE(""https://docs.google.com/spreadsheets/d/1RJrFMGUC-XijmB6MWr0bUJNzuN7BM1j8R_D0vOt0s8I/edit?usp=sharing"", ""'Master Data TK V0.2 (AUTO)'!F6:F""), IMPORTRANGE(""https://docs.google.com/spreadsheets/d/1RJrFMGUC-XijmB6MWr0bUJNzuN7BM"&"1j8R_D0vOt0s8I/edit?usp=sharing"", ""'Master Data TK V0.2 (AUTO)'!X6:X""))"),19.0) -> 19
A66: CRO 2 | B66: Regional Riau 1 | C66: Kencana Amal Tani (KAT II) | D66: KB-KAT-02 | E66: {=XLOOKUP(C66,'DATA TK PANEN'!D:D,'DATA TK PANEN'!H:H)} -> 3452.19 | F66: =IFERROR(__xludf.DUMMYFUNCTION("XLOOKUP(C66, IMPORTRANGE(""https://docs.google.com/spreadsheets/d/1RJrFMGUC-XijmB6MWr0bUJNzuN7BM1j8R_D0vOt0s8I/edit?usp=sharing"", ""'Master Data TK V0.2 (AUTO)'!F6:F""), IMPORTRANGE(""https://docs.google.com/spreadsheets/d/1RJrFMGUC-XijmB6MWr0bUJNzuN7BM1"&"j8R_D0vOt0s8I/edit?usp=sharing"", ""'Master Data TK V0.2 (AUTO)'!S6:S""))"),199.0) -> 199 | G66: =IFERROR(__xludf.DUMMYFUNCTION("XLOOKUP($C66, IMPORTRANGE(""https://docs.google.com/spreadsheets/d/1RJrFMGUC-XijmB6MWr0bUJNzuN7BM1j8R_D0vOt0s8I/edit?usp=sharing"", ""'Master Data TK V0.2 (AUTO)'!F6:F""), IMPORTRANGE(""https://docs.google.com/spreadsheets/d/1RJrFMGUC-XijmB6MWr0bUJNzuN7BM"&"1j8R_D0vOt0s8I/edit?usp=sharing"", ""'Master Data TK V0.2 (AUTO)'!T6:T""))"),184.0) -> 184 | H66: =IFERROR(__xludf.DUMMYFUNCTION("XLOOKUP($C66, IMPORTRANGE(""https://docs.google.com/spreadsheets/d/1RJrFMGUC-XijmB6MWr0bUJNzuN7BM1j8R_D0vOt0s8I/edit?usp=sharing"", ""'Master Data TK V0.2 (AUTO)'!F6:F""), IMPORTRANGE(""https://docs.google.com/spreadsheets/d/1RJrFMGUC-XijmB6MWr0bUJNzuN7BM"&"1j8R_D0vOt0s8I/edit?usp=sharing"", ""'Master Data TK V0.2 (AUTO)'!V6:V""))"),185.0) -> 185 | K66: =IFERROR(__xludf.DUMMYFUNCTION("XLOOKUP($C66, IMPORTRANGE(""https://docs.google.com/spreadsheets/d/1RJrFMGUC-XijmB6MWr0bUJNzuN7BM1j8R_D0vOt0s8I/edit?usp=sharing"", ""'Master Data TK V0.2 (AUTO)'!F6:F""), IMPORTRANGE(""https://docs.google.com/spreadsheets/d/1RJrFMGUC-XijmB6MWr0bUJNzuN7BM"&"1j8R_D0vOt0s8I/edit?usp=sharing"", ""'Master Data TK V0.2 (AUTO)'!W6:W""))"),6.0) -> 6 | L66: =IFERROR(__xludf.DUMMYFUNCTION("XLOOKUP($C66, IMPORTRANGE(""https://docs.google.com/spreadsheets/d/1RJrFMGUC-XijmB6MWr0bUJNzuN7BM1j8R_D0vOt0s8I/edit?usp=sharing"", ""'Master Data TK V0.2 (AUTO)'!F6:F""), IMPORTRANGE(""https://docs.google.com/spreadsheets/d/1RJrFMGUC-XijmB6MWr0bUJNzuN7BM"&"1j8R_D0vOt0s8I/edit?usp=sharing"", ""'Master Data TK V0.2 (AUTO)'!X6:X""))"),8.0) -> 8
A67: CRO 2 | B67: Regional Riau 1 | C67: Kencana Amal Tani (KAT III) | D67: KB-KAT-03 | E67: {=XLOOKUP(C67,'DATA TK PANEN'!D:D,'DATA TK PANEN'!H:H)} -> 2463.89 | F67: =IFERROR(__xludf.DUMMYFUNCTION("XLOOKUP(C67, IMPORTRANGE(""https://docs.google.com/spreadsheets/d/1RJrFMGUC-XijmB6MWr0bUJNzuN7BM1j8R_D0vOt0s8I/edit?usp=sharing"", ""'Master Data TK V0.2 (AUTO)'!F6:F""), IMPORTRANGE(""https://docs.google.com/spreadsheets/d/1RJrFMGUC-XijmB6MWr0bUJNzuN7BM1"&"j8R_D0vOt0s8I/edit?usp=sharing"", ""'Master Data TK V0.2 (AUTO)'!S6:S""))"),141.0) -> 141 | G67: =IFERROR(__xludf.DUMMYFUNCTION("XLOOKUP($C67, IMPORTRANGE(""https://docs.google.com/spreadsheets/d/1RJrFMGUC-XijmB6MWr0bUJNzuN7BM1j8R_D0vOt0s8I/edit?usp=sharing"", ""'Master Data TK V0.2 (AUTO)'!F6:F""), IMPORTRANGE(""https://docs.google.com/spreadsheets/d/1RJrFMGUC-XijmB6MWr0bUJNzuN7BM"&"1j8R_D0vOt0s8I/edit?usp=sharing"", ""'Master Data TK V0.2 (AUTO)'!T6:T""))"),116.0) -> 116 | H67: =IFERROR(__xludf.DUMMYFUNCTION("XLOOKUP($C67, IMPORTRANGE(""https://docs.google.com/spreadsheets/d/1RJrFMGUC-XijmB6MWr0bUJNzuN7BM1j8R_D0vOt0s8I/edit?usp=sharing"", ""'Master Data TK V0.2 (AUTO)'!F6:F""), IMPORTRANGE(""https://docs.google.com/spreadsheets/d/1RJrFMGUC-XijmB6MWr0bUJNzuN7BM"&"1j8R_D0vOt0s8I/edit?usp=sharing"", ""'Master Data TK V0.2 (AUTO)'!V6:V""))"),116.0) -> 116 | K67: =IFERROR(__xludf.DUMMYFUNCTION("XLOOKUP($C67, IMPORTRANGE(""https://docs.google.com/spreadsheets/d/1RJrFMGUC-XijmB6MWr0bUJNzuN7BM1j8R_D0vOt0s8I/edit?usp=sharing"", ""'Master Data TK V0.2 (AUTO)'!F6:F""), IMPORTRANGE(""https://docs.google.com/spreadsheets/d/1RJrFMGUC-XijmB6MWr0bUJNzuN7BM"&"1j8R_D0vOt0s8I/edit?usp=sharing"", ""'Master Data TK V0.2 (AUTO)'!W6:W""))"),10.0) -> 10 | L67: =IFERROR(__xludf.DUMMYFUNCTION("XLOOKUP($C67, IMPORTRANGE(""https://docs.google.com/spreadsheets/d/1RJrFMGUC-XijmB6MWr0bUJNzuN7BM1j8R_D0vOt0s8I/edit?usp=sharing"", ""'Master Data TK V0.2 (AUTO)'!F6:F""), IMPORTRANGE(""https://docs.google.com/spreadsheets/d/1RJrFMGUC-XijmB6MWr0bUJNzuN7BM"&"1j8R_D0vOt0s8I/edit?usp=sharing"", ""'Master Data TK V0.2 (AUTO)'!X6:X""))"),15.0) -> 15
A68: CRO 2 | B68: Regional Riau 1 | C68: Mekar Alam Lestari (MAL I) | D68: KB-MAL-01 | E68: {=XLOOKUP(C68,'DATA TK PANEN'!D:D,'DATA TK PANEN'!H:H)} -> 5279.61 | F68: =IFERROR(__xludf.DUMMYFUNCTION("XLOOKUP(C68, IMPORTRANGE(""https://docs.google.com/spreadsheets/d/1RJrFMGUC-XijmB6MWr0bUJNzuN7BM1j8R_D0vOt0s8I/edit?usp=sharing"", ""'Master Data TK V0.2 (AUTO)'!F6:F""), IMPORTRANGE(""https://docs.google.com/spreadsheets/d/1RJrFMGUC-XijmB6MWr0bUJNzuN7BM1"&"j8R_D0vOt0s8I/edit?usp=sharing"", ""'Master Data TK V0.2 (AUTO)'!S6:S""))"),317.0) -> 317 | G68: =IFERROR(__xludf.DUMMYFUNCTION("XLOOKUP($C68, IMPORTRANGE(""https://docs.google.com/spreadsheets/d/1RJrFMGUC-XijmB6MWr0bUJNzuN7BM1j8R_D0vOt0s8I/edit?usp=sharing"", ""'Master Data TK V0.2 (AUTO)'!F6:F""), IMPORTRANGE(""https://docs.google.com/spreadsheets/d/1RJrFMGUC-XijmB6MWr0bUJNzuN7BM"&"1j8R_D0vOt0s8I/edit?usp=sharing"", ""'Master Data TK V0.2 (AUTO)'!T6:T""))"),290.0) -> 290 | H68: =IFERROR(__xludf.DUMMYFUNCTION("XLOOKUP($C68, IMPORTRANGE(""https://docs.google.com/spreadsheets/d/1RJrFMGUC-XijmB6MWr0bUJNzuN7BM1j8R_D0vOt0s8I/edit?usp=sharing"", ""'Master Data TK V0.2 (AUTO)'!F6:F""), IMPORTRANGE(""https://docs.google.com/spreadsheets/d/1RJrFMGUC-XijmB6MWr0bUJNzuN7BM"&"1j8R_D0vOt0s8I/edit?usp=sharing"", ""'Master Data TK V0.2 (AUTO)'!V6:V""))"),276.0) -> 276 | K68: =IFERROR(__xludf.DUMMYFUNCTION("XLOOKUP($C68, IMPORTRANGE(""https://docs.google.com/spreadsheets/d/1RJrFMGUC-XijmB6MWr0bUJNzuN7BM1j8R_D0vOt0s8I/edit?usp=sharing"", ""'Master Data TK V0.2 (AUTO)'!F6:F""), IMPORTRANGE(""https://docs.google.com/spreadsheets/d/1RJrFMGUC-XijmB6MWr0bUJNzuN7BM"&"1j8R_D0vOt0s8I/edit?usp=sharing"", ""'Master Data TK V0.2 (AUTO)'!W6:W""))"),16.0) -> 16 | L68: =IFERROR(__xludf.DUMMYFUNCTION("XLOOKUP($C68, IMPORTRANGE(""https://docs.google.com/spreadsheets/d/1RJrFMGUC-XijmB6MWr0bUJNzuN7BM1j8R_D0vOt0s8I/edit?usp=sharing"", ""'Master Data TK V0.2 (AUTO)'!F6:F""), IMPORTRANGE(""https://docs.google.com/spreadsheets/d/1RJrFMGUC-XijmB6MWr0bUJNzuN7BM"&"1j8R_D0vOt0s8I/edit?usp=sharing"", ""'Master Data TK V0.2 (AUTO)'!X6:X""))"),25.0) -> 25
A69: CRO 2 | B69: Regional Riau 1 | C69: Mekar Alam Lestari (MAL II) | D69: KB-MAL-02 | E69: {=XLOOKUP(C69,'DATA TK PANEN'!D:D,'DATA TK PANEN'!H:H)} -> 1468.74 | F69: =IFERROR(__xludf.DUMMYFUNCTION("XLOOKUP(C69, IMPORTRANGE(""https://docs.google.com/spreadsheets/d/1RJrFMGUC-XijmB6MWr0bUJNzuN7BM1j8R_D0vOt0s8I/edit?usp=sharing"", ""'Master Data TK V0.2 (AUTO)'!F6:F""), IMPORTRANGE(""https://docs.google.com/spreadsheets/d/1RJrFMGUC-XijmB6MWr0bUJNzuN7BM1"&"j8R_D0vOt0s8I/edit?usp=sharing"", ""'Master Data TK V0.2 (AUTO)'!S6:S""))"),83.0) -> 83 | G69: =IFERROR(__xludf.DUMMYFUNCTION("XLOOKUP($C69, IMPORTRANGE(""https://docs.google.com/spreadsheets/d/1RJrFMGUC-XijmB6MWr0bUJNzuN7BM1j8R_D0vOt0s8I/edit?usp=sharing"", ""'Master Data TK V0.2 (AUTO)'!F6:F""), IMPORTRANGE(""https://docs.google.com/spreadsheets/d/1RJrFMGUC-XijmB6MWr0bUJNzuN7BM"&"1j8R_D0vOt0s8I/edit?usp=sharing"", ""'Master Data TK V0.2 (AUTO)'!T6:T""))"),70.0) -> 70 | H69: =IFERROR(__xludf.DUMMYFUNCTION("XLOOKUP($C69, IMPORTRANGE(""https://docs.google.com/spreadsheets/d/1RJrFMGUC-XijmB6MWr0bUJNzuN7BM1j8R_D0vOt0s8I/edit?usp=sharing"", ""'Master Data TK V0.2 (AUTO)'!F6:F""), IMPORTRANGE(""https://docs.google.com/spreadsheets/d/1RJrFMGUC-XijmB6MWr0bUJNzuN7BM"&"1j8R_D0vOt0s8I/edit?usp=sharing"", ""'Master Data TK V0.2 (AUTO)'!V6:V""))"),64.0) -> 64 | K69: =IFERROR(__xludf.DUMMYFUNCTION("XLOOKUP($C69, IMPORTRANGE(""https://docs.google.com/spreadsheets/d/1RJrFMGUC-XijmB6MWr0bUJNzuN7BM1j8R_D0vOt0s8I/edit?usp=sharing"", ""'Master Data TK V0.2 (AUTO)'!F6:F""), IMPORTRANGE(""https://docs.google.com/spreadsheets/d/1RJrFMGUC-XijmB6MWr0bUJNzuN7BM"&"1j8R_D0vOt0s8I/edit?usp=sharing"", ""'Master Data TK V0.2 (AUTO)'!W6:W""))"),8.0) -> 8 | L69: =IFERROR(__xludf.DUMMYFUNCTION("XLOOKUP($C69, IMPORTRANGE(""https://docs.google.com/spreadsheets/d/1RJrFMGUC-XijmB6MWr0bUJNzuN7BM1j8R_D0vOt0s8I/edit?usp=sharing"", ""'Master Data TK V0.2 (AUTO)'!F6:F""), IMPORTRANGE(""https://docs.google.com/spreadsheets/d/1RJrFMGUC-XijmB6MWr0bUJNzuN7BM"&"1j8R_D0vOt0s8I/edit?usp=sharing"", ""'Master Data TK V0.2 (AUTO)'!X6:X""))"),11.0) -> 11
A70: CRO 2 | B70: Regional Riau 1 | C70: Palma I (PS I) | D70: KB-PIP-01 | E70: {=XLOOKUP(C70,'DATA TK PANEN'!D:D,'DATA TK PANEN'!H:H)} -> 4522.19 | F70: =IFERROR(__xludf.DUMMYFUNCTION("XLOOKUP(C70, IMPORTRANGE(""https://docs.google.com/spreadsheets/d/1RJrFMGUC-XijmB6MWr0bUJNzuN7BM1j8R_D0vOt0s8I/edit?usp=sharing"", ""'Master Data TK V0.2 (AUTO)'!F6:F""), IMPORTRANGE(""https://docs.google.com/spreadsheets/d/1RJrFMGUC-XijmB6MWr0bUJNzuN7BM1"&"j8R_D0vOt0s8I/edit?usp=sharing"", ""'Master Data TK V0.2 (AUTO)'!S6:S""))"),278.0) -> 278 | G70: =IFERROR(__xludf.DUMMYFUNCTION("XLOOKUP($C70, IMPORTRANGE(""https://docs.google.com/spreadsheets/d/1RJrFMGUC-XijmB6MWr0bUJNzuN7BM1j8R_D0vOt0s8I/edit?usp=sharing"", ""'Master Data TK V0.2 (AUTO)'!F6:F""), IMPORTRANGE(""https://docs.google.com/spreadsheets/d/1RJrFMGUC-XijmB6MWr0bUJNzuN7BM"&"1j8R_D0vOt0s8I/edit?usp=sharing"", ""'Master Data TK V0.2 (AUTO)'!T6:T""))"),204.0) -> 204 | H70: =IFERROR(__xludf.DUMMYFUNCTION("XLOOKUP($C70, IMPORTRANGE(""https://docs.google.com/spreadsheets/d/1RJrFMGUC-XijmB6MWr0bUJNzuN7BM1j8R_D0vOt0s8I/edit?usp=sharing"", ""'Master Data TK V0.2 (AUTO)'!F6:F""), IMPORTRANGE(""https://docs.google.com/spreadsheets/d/1RJrFMGUC-XijmB6MWr0bUJNzuN7BM"&"1j8R_D0vOt0s8I/edit?usp=sharing"", ""'Master Data TK V0.2 (AUTO)'!V6:V""))"),204.0) -> 204 | K70: =IFERROR(__xludf.DUMMYFUNCTION("XLOOKUP($C70, IMPORTRANGE(""https://docs.google.com/spreadsheets/d/1RJrFMGUC-XijmB6MWr0bUJNzuN7BM1j8R_D0vOt0s8I/edit?usp=sharing"", ""'Master Data TK V0.2 (AUTO)'!F6:F""), IMPORTRANGE(""https://docs.google.com/spreadsheets/d/1RJrFMGUC-XijmB6MWr0bUJNzuN7BM"&"1j8R_D0vOt0s8I/edit?usp=sharing"", ""'Master Data TK V0.2 (AUTO)'!W6:W""))"),30.0) -> 30 | L70: =IFERROR(__xludf.DUMMYFUNCTION("XLOOKUP($C70, IMPORTRANGE(""https://docs.google.com/spreadsheets/d/1RJrFMGUC-XijmB6MWr0bUJNzuN7BM1j8R_D0vOt0s8I/edit?usp=sharing"", ""'Master Data TK V0.2 (AUTO)'!F6:F""), IMPORTRANGE(""https://docs.google.com/spreadsheets/d/1RJrFMGUC-XijmB6MWr0bUJNzuN7BM"&"1j8R_D0vOt0s8I/edit?usp=sharing"", ""'Master Data TK V0.2 (AUTO)'!X6:X""))"),44.0) -> 44
A71: CRO 2 | B71: Regional Riau 1 | C71: Palma II (PS II) | D71: KB-PIP-02 | E71: {=XLOOKUP(C71,'DATA TK PANEN'!D:D,'DATA TK PANEN'!H:H)} -> 2268.19 | F71: =IFERROR(__xludf.DUMMYFUNCTION("XLOOKUP(C71, IMPORTRANGE(""https://docs.google.com/spreadsheets/d/1RJrFMGUC-XijmB6MWr0bUJNzuN7BM1j8R_D0vOt0s8I/edit?usp=sharing"", ""'Master Data TK V0.2 (AUTO)'!F6:F""), IMPORTRANGE(""https://docs.google.com/spreadsheets/d/1RJrFMGUC-XijmB6MWr0bUJNzuN7BM1"&"j8R_D0vOt0s8I/edit?usp=sharing"", ""'Master Data TK V0.2 (AUTO)'!S6:S""))"),136.0) -> 136 | G71: =IFERROR(__xludf.DUMMYFUNCTION("XLOOKUP($C71, IMPORTRANGE(""https://docs.google.com/spreadsheets/d/1RJrFMGUC-XijmB6MWr0bUJNzuN7BM1j8R_D0vOt0s8I/edit?usp=sharing"", ""'Master Data TK V0.2 (AUTO)'!F6:F""), IMPORTRANGE(""https://docs.google.com/spreadsheets/d/1RJrFMGUC-XijmB6MWr0bUJNzuN7BM"&"1j8R_D0vOt0s8I/edit?usp=sharing"", ""'Master Data TK V0.2 (AUTO)'!T6:T""))"),130.0) -> 130 | H71: =IFERROR(__xludf.DUMMYFUNCTION("XLOOKUP($C71, IMPORTRANGE(""https://docs.google.com/spreadsheets/d/1RJrFMGUC-XijmB6MWr0bUJNzuN7BM1j8R_D0vOt0s8I/edit?usp=sharing"", ""'Master Data TK V0.2 (AUTO)'!F6:F""), IMPORTRANGE(""https://docs.google.com/spreadsheets/d/1RJrFMGUC-XijmB6MWr0bUJNzuN7BM"&"1j8R_D0vOt0s8I/edit?usp=sharing"", ""'Master Data TK V0.2 (AUTO)'!V6:V""))"),132.0) -> 132 | K71: =IFERROR(__xludf.DUMMYFUNCTION("XLOOKUP($C71, IMPORTRANGE(""https://docs.google.com/spreadsheets/d/1RJrFMGUC-XijmB6MWr0bUJNzuN7BM1j8R_D0vOt0s8I/edit?usp=sharing"", ""'Master Data TK V0.2 (AUTO)'!F6:F""), IMPORTRANGE(""https://docs.google.com/spreadsheets/d/1RJrFMGUC-XijmB6MWr0bUJNzuN7BM"&"1j8R_D0vOt0s8I/edit?usp=sharing"", ""'Master Data TK V0.2 (AUTO)'!W6:W""))"),2.0) -> 2 | L71: =IFERROR(__xludf.DUMMYFUNCTION("XLOOKUP($C71, IMPORTRANGE(""https://docs.google.com/spreadsheets/d/1RJrFMGUC-XijmB6MWr0bUJNzuN7BM1j8R_D0vOt0s8I/edit?usp=sharing"", ""'Master Data TK V0.2 (AUTO)'!F6:F""), IMPORTRANGE(""https://docs.google.com/spreadsheets/d/1RJrFMGUC-XijmB6MWr0bUJNzuN7BM"&"1j8R_D0vOt0s8I/edit?usp=sharing"", ""'Master Data TK V0.2 (AUTO)'!X6:X""))"),2.0) -> 2
A72: CRO 2 | B72: Regional Riau 1 | C72: Panca Agro Lestari (PAL) | D72: KB-PAL-01 | E72: {=XLOOKUP(C72,'DATA TK PANEN'!D:D,'DATA TK PANEN'!H:H)} -> 3626.12 | F72: =IFERROR(__xludf.DUMMYFUNCTION("XLOOKUP(C72, IMPORTRANGE(""https://docs.google.com/spreadsheets/d/1RJrFMGUC-XijmB6MWr0bUJNzuN7BM1j8R_D0vOt0s8I/edit?usp=sharing"", ""'Master Data TK V0.2 (AUTO)'!F6:F""), IMPORTRANGE(""https://docs.google.com/spreadsheets/d/1RJrFMGUC-XijmB6MWr0bUJNzuN7BM1"&"j8R_D0vOt0s8I/edit?usp=sharing"", ""'Master Data TK V0.2 (AUTO)'!S6:S""))"),218.0) -> 218 | G72: =IFERROR(__xludf.DUMMYFUNCTION("XLOOKUP($C72, IMPORTRANGE(""https://docs.google.com/spreadsheets/d/1RJrFMGUC-XijmB6MWr0bUJNzuN7BM1j8R_D0vOt0s8I/edit?usp=sharing"", ""'Master Data TK V0.2 (AUTO)'!F6:F""), IMPORTRANGE(""https://docs.google.com/spreadsheets/d/1RJrFMGUC-XijmB6MWr0bUJNzuN7BM"&"1j8R_D0vOt0s8I/edit?usp=sharing"", ""'Master Data TK V0.2 (AUTO)'!T6:T""))"),160.0) -> 160 | H72: =IFERROR(__xludf.DUMMYFUNCTION("XLOOKUP($C72, IMPORTRANGE(""https://docs.google.com/spreadsheets/d/1RJrFMGUC-XijmB6MWr0bUJNzuN7BM1j8R_D0vOt0s8I/edit?usp=sharing"", ""'Master Data TK V0.2 (AUTO)'!F6:F""), IMPORTRANGE(""https://docs.google.com/spreadsheets/d/1RJrFMGUC-XijmB6MWr0bUJNzuN7BM"&"1j8R_D0vOt0s8I/edit?usp=sharing"", ""'Master Data TK V0.2 (AUTO)'!V6:V""))"),163.0) -> 163 | K72: =IFERROR(__xludf.DUMMYFUNCTION("XLOOKUP($C72, IMPORTRANGE(""https://docs.google.com/spreadsheets/d/1RJrFMGUC-XijmB6MWr0bUJNzuN7BM1j8R_D0vOt0s8I/edit?usp=sharing"", ""'Master Data TK V0.2 (AUTO)'!F6:F""), IMPORTRANGE(""https://docs.google.com/spreadsheets/d/1RJrFMGUC-XijmB6MWr0bUJNzuN7BM"&"1j8R_D0vOt0s8I/edit?usp=sharing"", ""'Master Data TK V0.2 (AUTO)'!W6:W""))"),22.0) -> 22 | L72: =IFERROR(__xludf.DUMMYFUNCTION("XLOOKUP($C72, IMPORTRANGE(""https://docs.google.com/spreadsheets/d/1RJrFMGUC-XijmB6MWr0bUJNzuN7BM1j8R_D0vOt0s8I/edit?usp=sharing"", ""'Master Data TK V0.2 (AUTO)'!F6:F""), IMPORTRANGE(""https://docs.google.com/spreadsheets/d/1RJrFMGUC-XijmB6MWr0bUJNzuN7BM"&"1j8R_D0vOt0s8I/edit?usp=sharing"", ""'Master Data TK V0.2 (AUTO)'!X6:X""))"),33.0) -> 33
A73: CRO 2 | B73: Regional Riau 1 | C73: Seberida Subur (SS) | D73: KB-SS-01 | E73: {=XLOOKUP(C73,'DATA TK PANEN'!D:D,'DATA TK PANEN'!H:H)} -> 946.23 | F73: =IFERROR(__xludf.DUMMYFUNCTION("XLOOKUP(C73, IMPORTRANGE(""https://docs.google.com/spreadsheets/d/1RJrFMGUC-XijmB6MWr0bUJNzuN7BM1j8R_D0vOt0s8I/edit?usp=sharing"", ""'Master Data TK V0.2 (AUTO)'!F6:F""), IMPORTRANGE(""https://docs.google.com/spreadsheets/d/1RJrFMGUC-XijmB6MWr0bUJNzuN7BM1"&"j8R_D0vOt0s8I/edit?usp=sharing"", ""'Master Data TK V0.2 (AUTO)'!S6:S""))"),57.0) -> 57 | G73: =IFERROR(__xludf.DUMMYFUNCTION("XLOOKUP($C73, IMPORTRANGE(""https://docs.google.com/spreadsheets/d/1RJrFMGUC-XijmB6MWr0bUJNzuN7BM1j8R_D0vOt0s8I/edit?usp=sharing"", ""'Master Data TK V0.2 (AUTO)'!F6:F""), IMPORTRANGE(""https://docs.google.com/spreadsheets/d/1RJrFMGUC-XijmB6MWr0bUJNzuN7BM"&"1j8R_D0vOt0s8I/edit?usp=sharing"", ""'Master Data TK V0.2 (AUTO)'!T6:T""))"),42.0) -> 42 | H73: =IFERROR(__xludf.DUMMYFUNCTION("XLOOKUP($C73, IMPORTRANGE(""https://docs.google.com/spreadsheets/d/1RJrFMGUC-XijmB6MWr0bUJNzuN7BM1j8R_D0vOt0s8I/edit?usp=sharing"", ""'Master Data TK V0.2 (AUTO)'!F6:F""), IMPORTRANGE(""https://docs.google.com/spreadsheets/d/1RJrFMGUC-XijmB6MWr0bUJNzuN7BM"&"1j8R_D0vOt0s8I/edit?usp=sharing"", ""'Master Data TK V0.2 (AUTO)'!V6:V""))"),37.0) -> 37 | K73: =IFERROR(__xludf.DUMMYFUNCTION("XLOOKUP($C73, IMPORTRANGE(""https://docs.google.com/spreadsheets/d/1RJrFMGUC-XijmB6MWr0bUJNzuN7BM1j8R_D0vOt0s8I/edit?usp=sharing"", ""'Master Data TK V0.2 (AUTO)'!F6:F""), IMPORTRANGE(""https://docs.google.com/spreadsheets/d/1RJrFMGUC-XijmB6MWr0bUJNzuN7BM"&"1j8R_D0vOt0s8I/edit?usp=sharing"", ""'Master Data TK V0.2 (AUTO)'!W6:W""))"),8.0) -> 8 | L73: =IFERROR(__xludf.DUMMYFUNCTION("XLOOKUP($C73, IMPORTRANGE(""https://docs.google.com/spreadsheets/d/1RJrFMGUC-XijmB6MWr0bUJNzuN7BM1j8R_D0vOt0s8I/edit?usp=sharing"", ""'Master Data TK V0.2 (AUTO)'!F6:F""), IMPORTRANGE(""https://docs.google.com/spreadsheets/d/1RJrFMGUC-XijmB6MWr0bUJNzuN7BM"&"1j8R_D0vOt0s8I/edit?usp=sharing"", ""'Master Data TK V0.2 (AUTO)'!X6:X""))"),12.0) -> 12
A74: CRO 2 | B74: Regional Riau 1 | C74: Wana Jingga Timur (WJT) | D74: KB-WJT-01 | E74: {=XLOOKUP(C74,'DATA TK PANEN'!D:D,'DATA TK PANEN'!H:H)} -> 2041.21 | F74: =IFERROR(__xludf.DUMMYFUNCTION("XLOOKUP(C74, IMPORTRANGE(""https://docs.google.com/spreadsheets/d/1RJrFMGUC-XijmB6MWr0bUJNzuN7BM1j8R_D0vOt0s8I/edit?usp=sharing"", ""'Master Data TK V0.2 (AUTO)'!F6:F""), IMPORTRANGE(""https://docs.google.com/spreadsheets/d/1RJrFMGUC-XijmB6MWr0bUJNzuN7BM1"&"j8R_D0vOt0s8I/edit?usp=sharing"", ""'Master Data TK V0.2 (AUTO)'!S6:S""))"),122.0) -> 122 | G74: =IFERROR(__xludf.DUMMYFUNCTION("XLOOKUP($C74, IMPORTRANGE(""https://docs.google.com/spreadsheets/d/1RJrFMGUC-XijmB6MWr0bUJNzuN7BM1j8R_D0vOt0s8I/edit?usp=sharing"", ""'Master Data TK V0.2 (AUTO)'!F6:F""), IMPORTRANGE(""https://docs.google.com/spreadsheets/d/1RJrFMGUC-XijmB6MWr0bUJNzuN7BM"&"1j8R_D0vOt0s8I/edit?usp=sharing"", ""'Master Data TK V0.2 (AUTO)'!T6:T""))"),86.0) -> 86 | H74: =IFERROR(__xludf.DUMMYFUNCTION("XLOOKUP($C74, IMPORTRANGE(""https://docs.google.com/spreadsheets/d/1RJrFMGUC-XijmB6MWr0bUJNzuN7BM1j8R_D0vOt0s8I/edit?usp=sharing"", ""'Master Data TK V0.2 (AUTO)'!F6:F""), IMPORTRANGE(""https://docs.google.com/spreadsheets/d/1RJrFMGUC-XijmB6MWr0bUJNzuN7BM"&"1j8R_D0vOt0s8I/edit?usp=sharing"", ""'Master Data TK V0.2 (AUTO)'!V6:V""))"),88.0) -> 88 | K74: =IFERROR(__xludf.DUMMYFUNCTION("XLOOKUP($C74, IMPORTRANGE(""https://docs.google.com/spreadsheets/d/1RJrFMGUC-XijmB6MWr0bUJNzuN7BM1j8R_D0vOt0s8I/edit?usp=sharing"", ""'Master Data TK V0.2 (AUTO)'!F6:F""), IMPORTRANGE(""https://docs.google.com/spreadsheets/d/1RJrFMGUC-XijmB6MWr0bUJNzuN7BM"&"1j8R_D0vOt0s8I/edit?usp=sharing"", ""'Master Data TK V0.2 (AUTO)'!W6:W""))"),14.0) -> 14 | L74: =IFERROR(__xludf.DUMMYFUNCTION("XLOOKUP($C74, IMPORTRANGE(""https://docs.google.com/spreadsheets/d/1RJrFMGUC-XijmB6MWr0bUJNzuN7BM1j8R_D0vOt0s8I/edit?usp=sharing"", ""'Master Data TK V0.2 (AUTO)'!F6:F""), IMPORTRANGE(""https://docs.google.com/spreadsheets/d/1RJrFMGUC-XijmB6MWr0bUJNzuN7BM"&"1j8R_D0vOt0s8I/edit?usp=sharing"", ""'Master Data TK V0.2 (AUTO)'!X6:X""))"),20.0) -> 20
A75: CRO 3 | B75: Regional Riau 2 | C75: CV Agro Sukses Abadi/CV Sawit Makmur Lestari | D75: CV-ASA-01 | E75: {=XLOOKUP(C75,'DATA TK PANEN'!D:D,'DATA TK PANEN'!H:H)} -> 256.42 | F75: =IFERROR(__xludf.DUMMYFUNCTION("XLOOKUP(C75, IMPORTRANGE(""https://docs.google.com/spreadsheets/d/1RJrFMGUC-XijmB6MWr0bUJNzuN7BM1j8R_D0vOt0s8I/edit?usp=sharing"", ""'Master Data TK V0.2 (AUTO)'!F6:F""), IMPORTRANGE(""https://docs.google.com/spreadsheets/d/1RJrFMGUC-XijmB6MWr0bUJNzuN7BM1"&"j8R_D0vOt0s8I/edit?usp=sharing"", ""'Master Data TK V0.2 (AUTO)'!S6:S""))"),15.0) -> 15 | G75: =IFERROR(__xludf.DUMMYFUNCTION("XLOOKUP($C75, IMPORTRANGE(""https://docs.google.com/spreadsheets/d/1RJrFMGUC-XijmB6MWr0bUJNzuN7BM1j8R_D0vOt0s8I/edit?usp=sharing"", ""'Master Data TK V0.2 (AUTO)'!F6:F""), IMPORTRANGE(""https://docs.google.com/spreadsheets/d/1RJrFMGUC-XijmB6MWr0bUJNzuN7BM"&"1j8R_D0vOt0s8I/edit?usp=sharing"", ""'Master Data TK V0.2 (AUTO)'!T6:T""))"),4.0) -> 4 | H75: =IFERROR(__xludf.DUMMYFUNCTION("XLOOKUP($C75, IMPORTRANGE(""https://docs.google.com/spreadsheets/d/1RJrFMGUC-XijmB6MWr0bUJNzuN7BM1j8R_D0vOt0s8I/edit?usp=sharing"", ""'Master Data TK V0.2 (AUTO)'!F6:F""), IMPORTRANGE(""https://docs.google.com/spreadsheets/d/1RJrFMGUC-XijmB6MWr0bUJNzuN7BM"&"1j8R_D0vOt0s8I/edit?usp=sharing"", ""'Master Data TK V0.2 (AUTO)'!V6:V""))"),7.0) -> 7 | K75: =IFERROR(__xludf.DUMMYFUNCTION("XLOOKUP($C75, IMPORTRANGE(""https://docs.google.com/spreadsheets/d/1RJrFMGUC-XijmB6MWr0bUJNzuN7BM1j8R_D0vOt0s8I/edit?usp=sharing"", ""'Master Data TK V0.2 (AUTO)'!F6:F""), IMPORTRANGE(""https://docs.google.com/spreadsheets/d/1RJrFMGUC-XijmB6MWr0bUJNzuN7BM"&"1j8R_D0vOt0s8I/edit?usp=sharing"", ""'Master Data TK V0.2 (AUTO)'!W6:W""))"),4.0) -> 4 | L75: =IFERROR(__xludf.DUMMYFUNCTION("XLOOKUP($C75, IMPORTRANGE(""https://docs.google.com/spreadsheets/d/1RJrFMGUC-XijmB6MWr0bUJNzuN7BM1j8R_D0vOt0s8I/edit?usp=sharing"", ""'Master Data TK V0.2 (AUTO)'!F6:F""), IMPORTRANGE(""https://docs.google.com/spreadsheets/d/1RJrFMGUC-XijmB6MWr0bUJNzuN7BM"&"1j8R_D0vOt0s8I/edit?usp=sharing"", ""'Master Data TK V0.2 (AUTO)'!X6:X""))"),4.0) -> 4
A76: CRO 3 | B76: Regional Riau 2 | C76: CV Alam Riau Bertuah | D76: CV-ARB-01 | E76: {=XLOOKUP(C76,'DATA TK PANEN'!D:D,'DATA TK PANEN'!H:H)} -> 25 | F76: =IFERROR(__xludf.DUMMYFUNCTION("XLOOKUP(C76, IMPORTRANGE(""https://docs.google.com/spreadsheets/d/1RJrFMGUC-XijmB6MWr0bUJNzuN7BM1j8R_D0vOt0s8I/edit?usp=sharing"", ""'Master Data TK V0.2 (AUTO)'!F6:F""), IMPORTRANGE(""https://docs.google.com/spreadsheets/d/1RJrFMGUC-XijmB6MWr0bUJNzuN7BM1"&"j8R_D0vOt0s8I/edit?usp=sharing"", ""'Master Data TK V0.2 (AUTO)'!S6:S""))"),1.0) -> 1 | G76: =IFERROR(__xludf.DUMMYFUNCTION("XLOOKUP($C76, IMPORTRANGE(""https://docs.google.com/spreadsheets/d/1RJrFMGUC-XijmB6MWr0bUJNzuN7BM1j8R_D0vOt0s8I/edit?usp=sharing"", ""'Master Data TK V0.2 (AUTO)'!F6:F""), IMPORTRANGE(""https://docs.google.com/spreadsheets/d/1RJrFMGUC-XijmB6MWr0bUJNzuN7BM"&"1j8R_D0vOt0s8I/edit?usp=sharing"", ""'Master Data TK V0.2 (AUTO)'!T6:T""))"),3.0) -> 3 | H76: =IFERROR(__xludf.DUMMYFUNCTION("XLOOKUP($C76, IMPORTRANGE(""https://docs.google.com/spreadsheets/d/1RJrFMGUC-XijmB6MWr0bUJNzuN7BM1j8R_D0vOt0s8I/edit?usp=sharing"", ""'Master Data TK V0.2 (AUTO)'!F6:F""), IMPORTRANGE(""https://docs.google.com/spreadsheets/d/1RJrFMGUC-XijmB6MWr0bUJNzuN7BM"&"1j8R_D0vOt0s8I/edit?usp=sharing"", ""'Master Data TK V0.2 (AUTO)'!V6:V""))"),10.0) -> 10 | K76: =IFERROR(__xludf.DUMMYFUNCTION("XLOOKUP($C76, IMPORTRANGE(""https://docs.google.com/spreadsheets/d/1RJrFMGUC-XijmB6MWr0bUJNzuN7BM1j8R_D0vOt0s8I/edit?usp=sharing"", ""'Master Data TK V0.2 (AUTO)'!F6:F""), IMPORTRANGE(""https://docs.google.com/spreadsheets/d/1RJrFMGUC-XijmB6MWr0bUJNzuN7BM"&"1j8R_D0vOt0s8I/edit?usp=sharing"", ""'Master Data TK V0.2 (AUTO)'!W6:W""))"),0.0) -> 0 | L76: =IFERROR(__xludf.DUMMYFUNCTION("XLOOKUP($C76, IMPORTRANGE(""https://docs.google.com/spreadsheets/d/1RJrFMGUC-XijmB6MWr0bUJNzuN7BM1j8R_D0vOt0s8I/edit?usp=sharing"", ""'Master Data TK V0.2 (AUTO)'!F6:F""), IMPORTRANGE(""https://docs.google.com/spreadsheets/d/1RJrFMGUC-XijmB6MWr0bUJNzuN7BM"&"1j8R_D0vOt0s8I/edit?usp=sharing"", ""'Master Data TK V0.2 (AUTO)'!X6:X""))"),0.0) -> 0
A77: CRO 3 | B77: Regional Riau 2 | C77: CV Kamparindo (CV inti sawit Perkasa) | D77: CV-ISP-01 | E77: {=XLOOKUP(C77,'DATA TK PANEN'!D:D,'DATA TK PANEN'!H:H)} -> 623.45 | F77: =IFERROR(__xludf.DUMMYFUNCTION("XLOOKUP(C77, IMPORTRANGE(""https://docs.google.com/spreadsheets/d/1RJrFMGUC-XijmB6MWr0bUJNzuN7BM1j8R_D0vOt0s8I/edit?usp=sharing"", ""'Master Data TK V0.2 (AUTO)'!F6:F""), IMPORTRANGE(""https://docs.google.com/spreadsheets/d/1RJrFMGUC-XijmB6MWr0bUJNzuN7BM1"&"j8R_D0vOt0s8I/edit?usp=sharing"", ""'Master Data TK V0.2 (AUTO)'!S6:S""))"),36.0) -> 36 | G77: =IFERROR(__xludf.DUMMYFUNCTION("XLOOKUP($C77, IMPORTRANGE(""https://docs.google.com/spreadsheets/d/1RJrFMGUC-XijmB6MWr0bUJNzuN7BM1j8R_D0vOt0s8I/edit?usp=sharing"", ""'Master Data TK V0.2 (AUTO)'!F6:F""), IMPORTRANGE(""https://docs.google.com/spreadsheets/d/1RJrFMGUC-XijmB6MWr0bUJNzuN7BM"&"1j8R_D0vOt0s8I/edit?usp=sharing"", ""'Master Data TK V0.2 (AUTO)'!T6:T""))"),20.0) -> 20 | H77: =IFERROR(__xludf.DUMMYFUNCTION("XLOOKUP($C77, IMPORTRANGE(""https://docs.google.com/spreadsheets/d/1RJrFMGUC-XijmB6MWr0bUJNzuN7BM1j8R_D0vOt0s8I/edit?usp=sharing"", ""'Master Data TK V0.2 (AUTO)'!F6:F""), IMPORTRANGE(""https://docs.google.com/spreadsheets/d/1RJrFMGUC-XijmB6MWr0bUJNzuN7BM"&"1j8R_D0vOt0s8I/edit?usp=sharing"", ""'Master Data TK V0.2 (AUTO)'!V6:V""))"),21.0) -> 21 | K77: =IFERROR(__xludf.DUMMYFUNCTION("XLOOKUP($C77, IMPORTRANGE(""https://docs.google.com/spreadsheets/d/1RJrFMGUC-XijmB6MWr0bUJNzuN7BM1j8R_D0vOt0s8I/edit?usp=sharing"", ""'Master Data TK V0.2 (AUTO)'!F6:F""), IMPORTRANGE(""https://docs.google.com/spreadsheets/d/1RJrFMGUC-XijmB6MWr0bUJNzuN7BM"&"1j8R_D0vOt0s8I/edit?usp=sharing"", ""'Master Data TK V0.2 (AUTO)'!W6:W""))"),8.0) -> 8 | L77: =IFERROR(__xludf.DUMMYFUNCTION("XLOOKUP($C77, IMPORTRANGE(""https://docs.google.com/spreadsheets/d/1RJrFMGUC-XijmB6MWr0bUJNzuN7BM1j8R_D0vOt0s8I/edit?usp=sharing"", ""'Master Data TK V0.2 (AUTO)'!F6:F""), IMPORTRANGE(""https://docs.google.com/spreadsheets/d/1RJrFMGUC-XijmB6MWr0bUJNzuN7BM"&"1j8R_D0vOt0s8I/edit?usp=sharing"", ""'Master Data TK V0.2 (AUTO)'!X6:X""))"),7.0) -> 7
A78: CRO 3 | B78: Regional Riau 2 | C78: CV Makmur Jaya Sentosa (awalnya PT Jimmy Mitra dari PT Air Kampar Grup) | D78: KT-KJB-01 | E78: {=XLOOKUP(C78,'DATA TK PANEN'!D:D,'DATA TK PANEN'!H:H)} -> 1070.59 | F78: =IFERROR(__xludf.DUMMYFUNCTION("XLOOKUP(C78, IMPORTRANGE(""https://docs.google.com/spreadsheets/d/1RJrFMGUC-XijmB6MWr0bUJNzuN7BM1j8R_D0vOt0s8I/edit?usp=sharing"", ""'Master Data TK V0.2 (AUTO)'!F6:F""), IMPORTRANGE(""https://docs.google.com/spreadsheets/d/1RJrFMGUC-XijmB6MWr0bUJNzuN7BM1"&"j8R_D0vOt0s8I/edit?usp=sharing"", ""'Master Data TK V0.2 (AUTO)'!S6:S""))"),49.0) -> 49 | G78: =IFERROR(__xludf.DUMMYFUNCTION("XLOOKUP($C78, IMPORTRANGE(""https://docs.google.com/spreadsheets/d/1RJrFMGUC-XijmB6MWr0bUJNzuN7BM1j8R_D0vOt0s8I/edit?usp=sharing"", ""'Master Data TK V0.2 (AUTO)'!F6:F""), IMPORTRANGE(""https://docs.google.com/spreadsheets/d/1RJrFMGUC-XijmB6MWr0bUJNzuN7BM"&"1j8R_D0vOt0s8I/edit?usp=sharing"", ""'Master Data TK V0.2 (AUTO)'!T6:T""))"),27.0) -> 27 | H78: =IFERROR(__xludf.DUMMYFUNCTION("XLOOKUP($C78, IMPORTRANGE(""https://docs.google.com/spreadsheets/d/1RJrFMGUC-XijmB6MWr0bUJNzuN7BM1j8R_D0vOt0s8I/edit?usp=sharing"", ""'Master Data TK V0.2 (AUTO)'!F6:F""), IMPORTRANGE(""https://docs.google.com/spreadsheets/d/1RJrFMGUC-XijmB6MWr0bUJNzuN7BM"&"1j8R_D0vOt0s8I/edit?usp=sharing"", ""'Master Data TK V0.2 (AUTO)'!V6:V""))"),35.0) -> 35 | K78: =IFERROR(__xludf.DUMMYFUNCTION("XLOOKUP($C78, IMPORTRANGE(""https://docs.google.com/spreadsheets/d/1RJrFMGUC-XijmB6MWr0bUJNzuN7BM1j8R_D0vOt0s8I/edit?usp=sharing"", ""'Master Data TK V0.2 (AUTO)'!F6:F""), IMPORTRANGE(""https://docs.google.com/spreadsheets/d/1RJrFMGUC-XijmB6MWr0bUJNzuN7BM"&"1j8R_D0vOt0s8I/edit?usp=sharing"", ""'Master Data TK V0.2 (AUTO)'!W6:W""))"),7.0) -> 7 | L78: =IFERROR(__xludf.DUMMYFUNCTION("XLOOKUP($C78, IMPORTRANGE(""https://docs.google.com/spreadsheets/d/1RJrFMGUC-XijmB6MWr0bUJNzuN7BM1j8R_D0vOt0s8I/edit?usp=sharing"", ""'Master Data TK V0.2 (AUTO)'!F6:F""), IMPORTRANGE(""https://docs.google.com/spreadsheets/d/1RJrFMGUC-XijmB6MWr0bUJNzuN7BM"&"1j8R_D0vOt0s8I/edit?usp=sharing"", ""'Master Data TK V0.2 (AUTO)'!X6:X""))"),7.0) -> 7
A79: CRO 3 | B79: Regional Riau 2 | C79: CV Sepakat Bersama Ali | D79: KP-SBE-01 | E79: {=XLOOKUP(C79,'DATA TK PANEN'!D:D,'DATA TK PANEN'!H:H)} -> 1209.9 | F79: =IFERROR(__xludf.DUMMYFUNCTION("XLOOKUP(C79, IMPORTRANGE(""https://docs.google.com/spreadsheets/d/1RJrFMGUC-XijmB6MWr0bUJNzuN7BM1j8R_D0vOt0s8I/edit?usp=sharing"", ""'Master Data TK V0.2 (AUTO)'!F6:F""), IMPORTRANGE(""https://docs.google.com/spreadsheets/d/1RJrFMGUC-XijmB6MWr0bUJNzuN7BM1"&"j8R_D0vOt0s8I/edit?usp=sharing"", ""'Master Data TK V0.2 (AUTO)'!S6:S""))"),20.0) -> 20 | G79: =IFERROR(__xludf.DUMMYFUNCTION("XLOOKUP($C79, IMPORTRANGE(""https://docs.google.com/spreadsheets/d/1RJrFMGUC-XijmB6MWr0bUJNzuN7BM1j8R_D0vOt0s8I/edit?usp=sharing"", ""'Master Data TK V0.2 (AUTO)'!F6:F""), IMPORTRANGE(""https://docs.google.com/spreadsheets/d/1RJrFMGUC-XijmB6MWr0bUJNzuN7BM"&"1j8R_D0vOt0s8I/edit?usp=sharing"", ""'Master Data TK V0.2 (AUTO)'!T6:T""))"),24.0) -> 24 | H79: =IFERROR(__xludf.DUMMYFUNCTION("XLOOKUP($C79, IMPORTRANGE(""https://docs.google.com/spreadsheets/d/1RJrFMGUC-XijmB6MWr0bUJNzuN7BM1j8R_D0vOt0s8I/edit?usp=sharing"", ""'Master Data TK V0.2 (AUTO)'!F6:F""), IMPORTRANGE(""https://docs.google.com/spreadsheets/d/1RJrFMGUC-XijmB6MWr0bUJNzuN7BM"&"1j8R_D0vOt0s8I/edit?usp=sharing"", ""'Master Data TK V0.2 (AUTO)'!V6:V""))"),20.0) -> 20 | K79: =IFERROR(__xludf.DUMMYFUNCTION("XLOOKUP($C79, IMPORTRANGE(""https://docs.google.com/spreadsheets/d/1RJrFMGUC-XijmB6MWr0bUJNzuN7BM1j8R_D0vOt0s8I/edit?usp=sharing"", ""'Master Data TK V0.2 (AUTO)'!F6:F""), IMPORTRANGE(""https://docs.google.com/spreadsheets/d/1RJrFMGUC-XijmB6MWr0bUJNzuN7BM"&"1j8R_D0vOt0s8I/edit?usp=sharing"", ""'Master Data TK V0.2 (AUTO)'!W6:W""))"),0.0) -> 0 | L79: =IFERROR(__xludf.DUMMYFUNCTION("XLOOKUP($C79, IMPORTRANGE(""https://docs.google.com/spreadsheets/d/1RJrFMGUC-XijmB6MWr0bUJNzuN7BM1j8R_D0vOt0s8I/edit?usp=sharing"", ""'Master Data TK V0.2 (AUTO)'!F6:F""), IMPORTRANGE(""https://docs.google.com/spreadsheets/d/1RJrFMGUC-XijmB6MWr0bUJNzuN7BM"&"1j8R_D0vOt0s8I/edit?usp=sharing"", ""'Master Data TK V0.2 (AUTO)'!X6:X""))"),0.0) -> 0
A80: CRO 3 | B80: Regional Riau 2 | C80: CV Sianipar Putra Mandiri | D80: CV-SPM-01 | E80: {=XLOOKUP(C80,'DATA TK PANEN'!D:D,'DATA TK PANEN'!H:H)} -> 50.74 | F80: =IFERROR(__xludf.DUMMYFUNCTION("XLOOKUP(C80, IMPORTRANGE(""https://docs.google.com/spreadsheets/d/1RJrFMGUC-XijmB6MWr0bUJNzuN7BM1j8R_D0vOt0s8I/edit?usp=sharing"", ""'Master Data TK V0.2 (AUTO)'!F6:F""), IMPORTRANGE(""https://docs.google.com/spreadsheets/d/1RJrFMGUC-XijmB6MWr0bUJNzuN7BM1"&"j8R_D0vOt0s8I/edit?usp=sharing"", ""'Master Data TK V0.2 (AUTO)'!S6:S""))"),2.0) -> 2 | G80: =IFERROR(__xludf.DUMMYFUNCTION("XLOOKUP($C80, IMPORTRANGE(""https://docs.google.com/spreadsheets/d/1RJrFMGUC-XijmB6MWr0bUJNzuN7BM1j8R_D0vOt0s8I/edit?usp=sharing"", ""'Master Data TK V0.2 (AUTO)'!F6:F""), IMPORTRANGE(""https://docs.google.com/spreadsheets/d/1RJrFMGUC-XijmB6MWr0bUJNzuN7BM"&"1j8R_D0vOt0s8I/edit?usp=sharing"", ""'Master Data TK V0.2 (AUTO)'!T6:T""))"),5.0) -> 5 | H80: =IFERROR(__xludf.DUMMYFUNCTION("XLOOKUP($C80, IMPORTRANGE(""https://docs.google.com/spreadsheets/d/1RJrFMGUC-XijmB6MWr0bUJNzuN7BM1j8R_D0vOt0s8I/edit?usp=sharing"", ""'Master Data TK V0.2 (AUTO)'!F6:F""), IMPORTRANGE(""https://docs.google.com/spreadsheets/d/1RJrFMGUC-XijmB6MWr0bUJNzuN7BM"&"1j8R_D0vOt0s8I/edit?usp=sharing"", ""'Master Data TK V0.2 (AUTO)'!V6:V""))"),2.0) -> 2 | K80: =IFERROR(__xludf.DUMMYFUNCTION("XLOOKUP($C80, IMPORTRANGE(""https://docs.google.com/spreadsheets/d/1RJrFMGUC-XijmB6MWr0bUJNzuN7BM1j8R_D0vOt0s8I/edit?usp=sharing"", ""'Master Data TK V0.2 (AUTO)'!F6:F""), IMPORTRANGE(""https://docs.google.com/spreadsheets/d/1RJrFMGUC-XijmB6MWr0bUJNzuN7BM"&"1j8R_D0vOt0s8I/edit?usp=sharing"", ""'Master Data TK V0.2 (AUTO)'!W6:W""))"),0.0) -> 0 | L80: =IFERROR(__xludf.DUMMYFUNCTION("XLOOKUP($C80, IMPORTRANGE(""https://docs.google.com/spreadsheets/d/1RJrFMGUC-XijmB6MWr0bUJNzuN7BM1j8R_D0vOt0s8I/edit?usp=sharing"", ""'Master Data TK V0.2 (AUTO)'!F6:F""), IMPORTRANGE(""https://docs.google.com/spreadsheets/d/1RJrFMGUC-XijmB6MWr0bUJNzuN7BM"&"1j8R_D0vOt0s8I/edit?usp=sharing"", ""'Master Data TK V0.2 (AUTO)'!X6:X""))"),0.0) -> 0
A81: CRO 3 | B81: Regional Riau 2 | C81: Hendri Padang | D81: KP-MKP-01 | E81: {=XLOOKUP(C81,'DATA TK PANEN'!D:D,'DATA TK PANEN'!H:H)} -> 749.6 | F81: =IFERROR(__xludf.DUMMYFUNCTION("XLOOKUP(C81, IMPORTRANGE(""https://docs.google.com/spreadsheets/d/1RJrFMGUC-XijmB6MWr0bUJNzuN7BM1j8R_D0vOt0s8I/edit?usp=sharing"", ""'Master Data TK V0.2 (AUTO)'!F6:F""), IMPORTRANGE(""https://docs.google.com/spreadsheets/d/1RJrFMGUC-XijmB6MWr0bUJNzuN7BM1"&"j8R_D0vOt0s8I/edit?usp=sharing"", ""'Master Data TK V0.2 (AUTO)'!S6:S""))"),"-") -> - | G81: =IFERROR(__xludf.DUMMYFUNCTION("XLOOKUP($C81, IMPORTRANGE(""https://docs.google.com/spreadsheets/d/1RJrFMGUC-XijmB6MWr0bUJNzuN7BM1j8R_D0vOt0s8I/edit?usp=sharing"", ""'Master Data TK V0.2 (AUTO)'!F6:F""), IMPORTRANGE(""https://docs.google.com/spreadsheets/d/1RJrFMGUC-XijmB6MWr0bUJNzuN7BM"&"1j8R_D0vOt0s8I/edit?usp=sharing"", ""'Master Data TK V0.2 (AUTO)'!T6:T""))"),"-") -> - | H81: =IFERROR(__xludf.DUMMYFUNCTION("XLOOKUP($C81, IMPORTRANGE(""https://docs.google.com/spreadsheets/d/1RJrFMGUC-XijmB6MWr0bUJNzuN7BM1j8R_D0vOt0s8I/edit?usp=sharing"", ""'Master Data TK V0.2 (AUTO)'!F6:F""), IMPORTRANGE(""https://docs.google.com/spreadsheets/d/1RJrFMGUC-XijmB6MWr0bUJNzuN7BM"&"1j8R_D0vOt0s8I/edit?usp=sharing"", ""'Master Data TK V0.2 (AUTO)'!V6:V""))"),"") | K81: =IFERROR(__xludf.DUMMYFUNCTION("XLOOKUP($C81, IMPORTRANGE(""https://docs.google.com/spreadsheets/d/1RJrFMGUC-XijmB6MWr0bUJNzuN7BM1j8R_D0vOt0s8I/edit?usp=sharing"", ""'Master Data TK V0.2 (AUTO)'!F6:F""), IMPORTRANGE(""https://docs.google.com/spreadsheets/d/1RJrFMGUC-XijmB6MWr0bUJNzuN7BM"&"1j8R_D0vOt0s8I/edit?usp=sharing"", ""'Master Data TK V0.2 (AUTO)'!W6:W""))"),0.0) -> 0 | L81: =IFERROR(__xludf.DUMMYFUNCTION("XLOOKUP($C81, IMPORTRANGE(""https://docs.google.com/spreadsheets/d/1RJrFMGUC-XijmB6MWr0bUJNzuN7BM1j8R_D0vOt0s8I/edit?usp=sharing"", ""'Master Data TK V0.2 (AUTO)'!F6:F""), IMPORTRANGE(""https://docs.google.com/spreadsheets/d/1RJrFMGUC-XijmB6MWr0bUJNzuN7BM"&"1j8R_D0vOt0s8I/edit?usp=sharing"", ""'Master Data TK V0.2 (AUTO)'!X6:X""))"),0.0) -> 0
A82: CRO 3 | B82: Regional Riau 2 | C82: Hotman Silalahi/Sipangkar (Perorangan) | D82: KB-HSS-01 | E82: {=XLOOKUP(C82,'DATA TK PANEN'!D:D,'DATA TK PANEN'!H:H)} -> 432 | F82: =IFERROR(__xludf.DUMMYFUNCTION("XLOOKUP(C82, IMPORTRANGE(""https://docs.google.com/spreadsheets/d/1RJrFMGUC-XijmB6MWr0bUJNzuN7BM1j8R_D0vOt0s8I/edit?usp=sharing"", ""'Master Data TK V0.2 (AUTO)'!F6:F""), IMPORTRANGE(""https://docs.google.com/spreadsheets/d/1RJrFMGUC-XijmB6MWr0bUJNzuN7BM1"&"j8R_D0vOt0s8I/edit?usp=sharing"", ""'Master Data TK V0.2 (AUTO)'!S6:S""))"),"-") -> - | G82: =IFERROR(__xludf.DUMMYFUNCTION("XLOOKUP($C82, IMPORTRANGE(""https://docs.google.com/spreadsheets/d/1RJrFMGUC-XijmB6MWr0bUJNzuN7BM1j8R_D0vOt0s8I/edit?usp=sharing"", ""'Master Data TK V0.2 (AUTO)'!F6:F""), IMPORTRANGE(""https://docs.google.com/spreadsheets/d/1RJrFMGUC-XijmB6MWr0bUJNzuN7BM"&"1j8R_D0vOt0s8I/edit?usp=sharing"", ""'Master Data TK V0.2 (AUTO)'!T6:T""))"),"-") -> - | H82: =IFERROR(__xludf.DUMMYFUNCTION("XLOOKUP($C82, IMPORTRANGE(""https://docs.google.com/spreadsheets/d/1RJrFMGUC-XijmB6MWr0bUJNzuN7BM1j8R_D0vOt0s8I/edit?usp=sharing"", ""'Master Data TK V0.2 (AUTO)'!F6:F""), IMPORTRANGE(""https://docs.google.com/spreadsheets/d/1RJrFMGUC-XijmB6MWr0bUJNzuN7BM"&"1j8R_D0vOt0s8I/edit?usp=sharing"", ""'Master Data TK V0.2 (AUTO)'!V6:V""))"),"") | K82: =IFERROR(__xludf.DUMMYFUNCTION("XLOOKUP($C82, IMPORTRANGE(""https://docs.google.com/spreadsheets/d/1RJrFMGUC-XijmB6MWr0bUJNzuN7BM1j8R_D0vOt0s8I/edit?usp=sharing"", ""'Master Data TK V0.2 (AUTO)'!F6:F""), IMPORTRANGE(""https://docs.google.com/spreadsheets/d/1RJrFMGUC-XijmB6MWr0bUJNzuN7BM"&"1j8R_D0vOt0s8I/edit?usp=sharing"", ""'Master Data TK V0.2 (AUTO)'!W6:W""))"),0.0) -> 0 | L82: =IFERROR(__xludf.DUMMYFUNCTION("XLOOKUP($C82, IMPORTRANGE(""https://docs.google.com/spreadsheets/d/1RJrFMGUC-XijmB6MWr0bUJNzuN7BM1j8R_D0vOt0s8I/edit?usp=sharing"", ""'Master Data TK V0.2 (AUTO)'!F6:F""), IMPORTRANGE(""https://docs.google.com/spreadsheets/d/1RJrFMGUC-XijmB6MWr0bUJNzuN7BM"&"1j8R_D0vOt0s8I/edit?usp=sharing"", ""'Master Data TK V0.2 (AUTO)'!X6:X""))"),0.0) -> 0
A83: CRO 3 | B83: Regional Riau 2 | C83: Kelompok Tani Karya Mandiri (PT Sinar Permata Agro) | D83: KT-KMS-01 | E83: {=XLOOKUP(C83,'DATA TK PANEN'!D:D,'DATA TK PANEN'!H:H)} -> 200 | F83: =IFERROR(__xludf.DUMMYFUNCTION("XLOOKUP(C83, IMPORTRANGE(""https://docs.google.com/spreadsheets/d/1RJrFMGUC-XijmB6MWr0bUJNzuN7BM1j8R_D0vOt0s8I/edit?usp=sharing"", ""'Master Data TK V0.2 (AUTO)'!F6:F""), IMPORTRANGE(""https://docs.google.com/spreadsheets/d/1RJrFMGUC-XijmB6MWr0bUJNzuN7BM1"&"j8R_D0vOt0s8I/edit?usp=sharing"", ""'Master Data TK V0.2 (AUTO)'!S6:S""))"),12.0) -> 12 | G83: =IFERROR(__xludf.DUMMYFUNCTION("XLOOKUP($C83, IMPORTRANGE(""https://docs.google.com/spreadsheets/d/1RJrFMGUC-XijmB6MWr0bUJNzuN7BM1j8R_D0vOt0s8I/edit?usp=sharing"", ""'Master Data TK V0.2 (AUTO)'!F6:F""), IMPORTRANGE(""https://docs.google.com/spreadsheets/d/1RJrFMGUC-XijmB6MWr0bUJNzuN7BM"&"1j8R_D0vOt0s8I/edit?usp=sharing"", ""'Master Data TK V0.2 (AUTO)'!T6:T""))"),3.0) -> 3 | H83: =IFERROR(__xludf.DUMMYFUNCTION("XLOOKUP($C83, IMPORTRANGE(""https://docs.google.com/spreadsheets/d/1RJrFMGUC-XijmB6MWr0bUJNzuN7BM1j8R_D0vOt0s8I/edit?usp=sharing"", ""'Master Data TK V0.2 (AUTO)'!F6:F""), IMPORTRANGE(""https://docs.google.com/spreadsheets/d/1RJrFMGUC-XijmB6MWr0bUJNzuN7BM"&"1j8R_D0vOt0s8I/edit?usp=sharing"", ""'Master Data TK V0.2 (AUTO)'!V6:V""))"),0.0) -> 0 | K83: =IFERROR(__xludf.DUMMYFUNCTION("XLOOKUP($C83, IMPORTRANGE(""https://docs.google.com/spreadsheets/d/1RJrFMGUC-XijmB6MWr0bUJNzuN7BM1j8R_D0vOt0s8I/edit?usp=sharing"", ""'Master Data TK V0.2 (AUTO)'!F6:F""), IMPORTRANGE(""https://docs.google.com/spreadsheets/d/1RJrFMGUC-XijmB6MWr0bUJNzuN7BM"&"1j8R_D0vOt0s8I/edit?usp=sharing"", ""'Master Data TK V0.2 (AUTO)'!W6:W""))"),6.0) -> 6 | L83: =IFERROR(__xludf.DUMMYFUNCTION("XLOOKUP($C83, IMPORTRANGE(""https://docs.google.com/spreadsheets/d/1RJrFMGUC-XijmB6MWr0bUJNzuN7BM1j8R_D0vOt0s8I/edit?usp=sharing"", ""'Master Data TK V0.2 (AUTO)'!F6:F""), IMPORTRANGE(""https://docs.google.com/spreadsheets/d/1RJrFMGUC-XijmB6MWr0bUJNzuN7BM"&"1j8R_D0vOt0s8I/edit?usp=sharing"", ""'Master Data TK V0.2 (AUTO)'!X6:X""))"),6.0) -> 6
A84: CRO 3 | B84: Regional Riau 2 | C84: Kelompok Tani Kepau Jaya Sukses Lestari | D84: KT-RJM-01 | E84: {=XLOOKUP(C84,'DATA TK PANEN'!D:D,'DATA TK PANEN'!H:H)} -> 1440.4 | F84: =IFERROR(__xludf.DUMMYFUNCTION("XLOOKUP(C84, IMPORTRANGE(""https://docs.google.com/spreadsheets/d/1RJrFMGUC-XijmB6MWr0bUJNzuN7BM1j8R_D0vOt0s8I/edit?usp=sharing"", ""'Master Data TK V0.2 (AUTO)'!F6:F""), IMPORTRANGE(""https://docs.google.com/spreadsheets/d/1RJrFMGUC-XijmB6MWr0bUJNzuN7BM1"&"j8R_D0vOt0s8I/edit?usp=sharing"", ""'Master Data TK V0.2 (AUTO)'!S6:S""))"),46.0) -> 46 | G84: =IFERROR(__xludf.DUMMYFUNCTION("XLOOKUP($C84, IMPORTRANGE(""https://docs.google.com/spreadsheets/d/1RJrFMGUC-XijmB6MWr0bUJNzuN7BM1j8R_D0vOt0s8I/edit?usp=sharing"", ""'Master Data TK V0.2 (AUTO)'!F6:F""), IMPORTRANGE(""https://docs.google.com/spreadsheets/d/1RJrFMGUC-XijmB6MWr0bUJNzuN7BM"&"1j8R_D0vOt0s8I/edit?usp=sharing"", ""'Master Data TK V0.2 (AUTO)'!T6:T""))"),20.0) -> 20 | H84: =IFERROR(__xludf.DUMMYFUNCTION("XLOOKUP($C84, IMPORTRANGE(""https://docs.google.com/spreadsheets/d/1RJrFMGUC-XijmB6MWr0bUJNzuN7BM1j8R_D0vOt0s8I/edit?usp=sharing"", ""'Master Data TK V0.2 (AUTO)'!F6:F""), IMPORTRANGE(""https://docs.google.com/spreadsheets/d/1RJrFMGUC-XijmB6MWr0bUJNzuN7BM"&"1j8R_D0vOt0s8I/edit?usp=sharing"", ""'Master Data TK V0.2 (AUTO)'!V6:V""))"),28.0) -> 28 | K84: =IFERROR(__xludf.DUMMYFUNCTION("XLOOKUP($C84, IMPORTRANGE(""https://docs.google.com/spreadsheets/d/1RJrFMGUC-XijmB6MWr0bUJNzuN7BM1j8R_D0vOt0s8I/edit?usp=sharing"", ""'Master Data TK V0.2 (AUTO)'!F6:F""), IMPORTRANGE(""https://docs.google.com/spreadsheets/d/1RJrFMGUC-XijmB6MWr0bUJNzuN7BM"&"1j8R_D0vOt0s8I/edit?usp=sharing"", ""'Master Data TK V0.2 (AUTO)'!W6:W""))"),9.0) -> 9 | L84: =IFERROR(__xludf.DUMMYFUNCTION("XLOOKUP($C84, IMPORTRANGE(""https://docs.google.com/spreadsheets/d/1RJrFMGUC-XijmB6MWr0bUJNzuN7BM1j8R_D0vOt0s8I/edit?usp=sharing"", ""'Master Data TK V0.2 (AUTO)'!F6:F""), IMPORTRANGE(""https://docs.google.com/spreadsheets/d/1RJrFMGUC-XijmB6MWr0bUJNzuN7BM"&"1j8R_D0vOt0s8I/edit?usp=sharing"", ""'Master Data TK V0.2 (AUTO)'!X6:X""))"),9.0) -> 9
A85: CRO 3 | B85: Regional Riau 2 | C85: PT Adimulia Agrolestari Takeover Dari Blangkolam | D85: PT-AAT-01 | E85: {=XLOOKUP(C85,'DATA TK PANEN'!D:D,'DATA TK PANEN'!H:H)} -> 628.11 | F85: =IFERROR(__xludf.DUMMYFUNCTION("XLOOKUP(C85, IMPORTRANGE(""https://docs.google.com/spreadsheets/d/1RJrFMGUC-XijmB6MWr0bUJNzuN7BM1j8R_D0vOt0s8I/edit?usp=sharing"", ""'Master Data TK V0.2 (AUTO)'!F6:F""), IMPORTRANGE(""https://docs.google.com/spreadsheets/d/1RJrFMGUC-XijmB6MWr0bUJNzuN7BM1"&"j8R_D0vOt0s8I/edit?usp=sharing"", ""'Master Data TK V0.2 (AUTO)'!S6:S""))"),8.0) -> 8 | G85: =IFERROR(__xludf.DUMMYFUNCTION("XLOOKUP($C85, IMPORTRANGE(""https://docs.google.com/spreadsheets/d/1RJrFMGUC-XijmB6MWr0bUJNzuN7BM1j8R_D0vOt0s8I/edit?usp=sharing"", ""'Master Data TK V0.2 (AUTO)'!F6:F""), IMPORTRANGE(""https://docs.google.com/spreadsheets/d/1RJrFMGUC-XijmB6MWr0bUJNzuN7BM"&"1j8R_D0vOt0s8I/edit?usp=sharing"", ""'Master Data TK V0.2 (AUTO)'!T6:T""))"),4.0) -> 4 | H85: =IFERROR(__xludf.DUMMYFUNCTION("XLOOKUP($C85, IMPORTRANGE(""https://docs.google.com/spreadsheets/d/1RJrFMGUC-XijmB6MWr0bUJNzuN7BM1j8R_D0vOt0s8I/edit?usp=sharing"", ""'Master Data TK V0.2 (AUTO)'!F6:F""), IMPORTRANGE(""https://docs.google.com/spreadsheets/d/1RJrFMGUC-XijmB6MWr0bUJNzuN7BM"&"1j8R_D0vOt0s8I/edit?usp=sharing"", ""'Master Data TK V0.2 (AUTO)'!V6:V""))"),7.0) -> 7 | K85: =IFERROR(__xludf.DUMMYFUNCTION("XLOOKUP($C85, IMPORTRANGE(""https://docs.google.com/spreadsheets/d/1RJrFMGUC-XijmB6MWr0bUJNzuN7BM1j8R_D0vOt0s8I/edit?usp=sharing"", ""'Master Data TK V0.2 (AUTO)'!F6:F""), IMPORTRANGE(""https://docs.google.com/spreadsheets/d/1RJrFMGUC-XijmB6MWr0bUJNzuN7BM"&"1j8R_D0vOt0s8I/edit?usp=sharing"", ""'Master Data TK V0.2 (AUTO)'!W6:W""))"),0.0) -> 0 | L85: =IFERROR(__xludf.DUMMYFUNCTION("XLOOKUP($C85, IMPORTRANGE(""https://docs.google.com/spreadsheets/d/1RJrFMGUC-XijmB6MWr0bUJNzuN7BM1j8R_D0vOt0s8I/edit?usp=sharing"", ""'Master Data TK V0.2 (AUTO)'!F6:F""), IMPORTRANGE(""https://docs.google.com/spreadsheets/d/1RJrFMGUC-XijmB6MWr0bUJNzuN7BM"&"1j8R_D0vOt0s8I/edit?usp=sharing"", ""'Master Data TK V0.2 (AUTO)'!X6:X""))"),0.0) -> 0
A86: CRO 3 | B86: Regional Riau 2 | C86: PT Agrita Sari Prima | D86: PT-ASP-01 | E86: {=XLOOKUP(C86,'DATA TK PANEN'!D:D,'DATA TK PANEN'!H:H)} -> 0 | F86: =IFERROR(__xludf.DUMMYFUNCTION("XLOOKUP(C86, IMPORTRANGE(""https://docs.google.com/spreadsheets/d/1RJrFMGUC-XijmB6MWr0bUJNzuN7BM1j8R_D0vOt0s8I/edit?usp=sharing"", ""'Master Data TK V0.2 (AUTO)'!F6:F""), IMPORTRANGE(""https://docs.google.com/spreadsheets/d/1RJrFMGUC-XijmB6MWr0bUJNzuN7BM1"&"j8R_D0vOt0s8I/edit?usp=sharing"", ""'Master Data TK V0.2 (AUTO)'!S6:S""))"),"-") -> - | G86: =IFERROR(__xludf.DUMMYFUNCTION("XLOOKUP($C86, IMPORTRANGE(""https://docs.google.com/spreadsheets/d/1RJrFMGUC-XijmB6MWr0bUJNzuN7BM1j8R_D0vOt0s8I/edit?usp=sharing"", ""'Master Data TK V0.2 (AUTO)'!F6:F""), IMPORTRANGE(""https://docs.google.com/spreadsheets/d/1RJrFMGUC-XijmB6MWr0bUJNzuN7BM"&"1j8R_D0vOt0s8I/edit?usp=sharing"", ""'Master Data TK V0.2 (AUTO)'!T6:T""))"),"-") -> - | H86: =IFERROR(__xludf.DUMMYFUNCTION("XLOOKUP($C86, IMPORTRANGE(""https://docs.google.com/spreadsheets/d/1RJrFMGUC-XijmB6MWr0bUJNzuN7BM1j8R_D0vOt0s8I/edit?usp=sharing"", ""'Master Data TK V0.2 (AUTO)'!F6:F""), IMPORTRANGE(""https://docs.google.com/spreadsheets/d/1RJrFMGUC-XijmB6MWr0bUJNzuN7BM"&"1j8R_D0vOt0s8I/edit?usp=sharing"", ""'Master Data TK V0.2 (AUTO)'!V6:V""))"),"") | K86: =IFERROR(__xludf.DUMMYFUNCTION("XLOOKUP($C86, IMPORTRANGE(""https://docs.google.com/spreadsheets/d/1RJrFMGUC-XijmB6MWr0bUJNzuN7BM1j8R_D0vOt0s8I/edit?usp=sharing"", ""'Master Data TK V0.2 (AUTO)'!F6:F""), IMPORTRANGE(""https://docs.google.com/spreadsheets/d/1RJrFMGUC-XijmB6MWr0bUJNzuN7BM"&"1j8R_D0vOt0s8I/edit?usp=sharing"", ""'Master Data TK V0.2 (AUTO)'!W6:W""))"),0.0) -> 0 | L86: =IFERROR(__xludf.DUMMYFUNCTION("XLOOKUP($C86, IMPORTRANGE(""https://docs.google.com/spreadsheets/d/1RJrFMGUC-XijmB6MWr0bUJNzuN7BM1j8R_D0vOt0s8I/edit?usp=sharing"", ""'Master Data TK V0.2 (AUTO)'!F6:F""), IMPORTRANGE(""https://docs.google.com/spreadsheets/d/1RJrFMGUC-XijmB6MWr0bUJNzuN7BM"&"1j8R_D0vOt0s8I/edit?usp=sharing"", ""'Master Data TK V0.2 (AUTO)'!X6:X""))"),0.0) -> 0
A87: CRO 3 | B87: Regional Riau 2 | C87: PT Agro Mitra Rokan | D87: PT-KTT-01 | E87: {=XLOOKUP(C87,'DATA TK PANEN'!D:D,'DATA TK PANEN'!H:H)} -> 3683.69 | F87: =IFERROR(__xludf.DUMMYFUNCTION("XLOOKUP(C87, IMPORTRANGE(""https://docs.google.com/spreadsheets/d/1RJrFMGUC-XijmB6MWr0bUJNzuN7BM1j8R_D0vOt0s8I/edit?usp=sharing"", ""'Master Data TK V0.2 (AUTO)'!F6:F""), IMPORTRANGE(""https://docs.google.com/spreadsheets/d/1RJrFMGUC-XijmB6MWr0bUJNzuN7BM1"&"j8R_D0vOt0s8I/edit?usp=sharing"", ""'Master Data TK V0.2 (AUTO)'!S6:S""))"),"-") -> - | G87: =IFERROR(__xludf.DUMMYFUNCTION("XLOOKUP($C87, IMPORTRANGE(""https://docs.google.com/spreadsheets/d/1RJrFMGUC-XijmB6MWr0bUJNzuN7BM1j8R_D0vOt0s8I/edit?usp=sharing"", ""'Master Data TK V0.2 (AUTO)'!F6:F""), IMPORTRANGE(""https://docs.google.com/spreadsheets/d/1RJrFMGUC-XijmB6MWr0bUJNzuN7BM"&"1j8R_D0vOt0s8I/edit?usp=sharing"", ""'Master Data TK V0.2 (AUTO)'!T6:T""))"),"-") -> - | H87: =IFERROR(__xludf.DUMMYFUNCTION("XLOOKUP($C87, IMPORTRANGE(""https://docs.google.com/spreadsheets/d/1RJrFMGUC-XijmB6MWr0bUJNzuN7BM1j8R_D0vOt0s8I/edit?usp=sharing"", ""'Master Data TK V0.2 (AUTO)'!F6:F""), IMPORTRANGE(""https://docs.google.com/spreadsheets/d/1RJrFMGUC-XijmB6MWr0bUJNzuN7BM"&"1j8R_D0vOt0s8I/edit?usp=sharing"", ""'Master Data TK V0.2 (AUTO)'!V6:V""))"),"") | K87: =IFERROR(__xludf.DUMMYFUNCTION("XLOOKUP($C87, IMPORTRANGE(""https://docs.google.com/spreadsheets/d/1RJrFMGUC-XijmB6MWr0bUJNzuN7BM1j8R_D0vOt0s8I/edit?usp=sharing"", ""'Master Data TK V0.2 (AUTO)'!F6:F""), IMPORTRANGE(""https://docs.google.com/spreadsheets/d/1RJrFMGUC-XijmB6MWr0bUJNzuN7BM"&"1j8R_D0vOt0s8I/edit?usp=sharing"", ""'Master Data TK V0.2 (AUTO)'!W6:W""))"),0.0) -> 0 | L87: =IFERROR(__xludf.DUMMYFUNCTION("XLOOKUP($C87, IMPORTRANGE(""https://docs.google.com/spreadsheets/d/1RJrFMGUC-XijmB6MWr0bUJNzuN7BM1j8R_D0vOt0s8I/edit?usp=sharing"", ""'Master Data TK V0.2 (AUTO)'!F6:F""), IMPORTRANGE(""https://docs.google.com/spreadsheets/d/1RJrFMGUC-XijmB6MWr0bUJNzuN7BM"&"1j8R_D0vOt0s8I/edit?usp=sharing"", ""'Master Data TK V0.2 (AUTO)'!X6:X""))"),0.0) -> 0
A88: CRO 3 | B88: Regional Riau 2 | C88: PT Agro Sarimas Indonesia | D88: PT-CMB-01 | E88: {=XLOOKUP(C88,'DATA TK PANEN'!D:D,'DATA TK PANEN'!H:H)} -> 2100.14 | F88: =IFERROR(__xludf.DUMMYFUNCTION("XLOOKUP(C88, IMPORTRANGE(""https://docs.google.com/spreadsheets/d/1RJrFMGUC-XijmB6MWr0bUJNzuN7BM1j8R_D0vOt0s8I/edit?usp=sharing"", ""'Master Data TK V0.2 (AUTO)'!F6:F""), IMPORTRANGE(""https://docs.google.com/spreadsheets/d/1RJrFMGUC-XijmB6MWr0bUJNzuN7BM1"&"j8R_D0vOt0s8I/edit?usp=sharing"", ""'Master Data TK V0.2 (AUTO)'!S6:S""))"),79.0) -> 79 | G88: =IFERROR(__xludf.DUMMYFUNCTION("XLOOKUP($C88, IMPORTRANGE(""https://docs.google.com/spreadsheets/d/1RJrFMGUC-XijmB6MWr0bUJNzuN7BM1j8R_D0vOt0s8I/edit?usp=sharing"", ""'Master Data TK V0.2 (AUTO)'!F6:F""), IMPORTRANGE(""https://docs.google.com/spreadsheets/d/1RJrFMGUC-XijmB6MWr0bUJNzuN7BM"&"1j8R_D0vOt0s8I/edit?usp=sharing"", ""'Master Data TK V0.2 (AUTO)'!T6:T""))"),40.0) -> 40 | H88: =IFERROR(__xludf.DUMMYFUNCTION("XLOOKUP($C88, IMPORTRANGE(""https://docs.google.com/spreadsheets/d/1RJrFMGUC-XijmB6MWr0bUJNzuN7BM1j8R_D0vOt0s8I/edit?usp=sharing"", ""'Master Data TK V0.2 (AUTO)'!F6:F""), IMPORTRANGE(""https://docs.google.com/spreadsheets/d/1RJrFMGUC-XijmB6MWr0bUJNzuN7BM"&"1j8R_D0vOt0s8I/edit?usp=sharing"", ""'Master Data TK V0.2 (AUTO)'!V6:V""))"),60.0) -> 60 | K88: =IFERROR(__xludf.DUMMYFUNCTION("XLOOKUP($C88, IMPORTRANGE(""https://docs.google.com/spreadsheets/d/1RJrFMGUC-XijmB6MWr0bUJNzuN7BM1j8R_D0vOt0s8I/edit?usp=sharing"", ""'Master Data TK V0.2 (AUTO)'!F6:F""), IMPORTRANGE(""https://docs.google.com/spreadsheets/d/1RJrFMGUC-XijmB6MWr0bUJNzuN7BM"&"1j8R_D0vOt0s8I/edit?usp=sharing"", ""'Master Data TK V0.2 (AUTO)'!W6:W""))"),10.0) -> 10 | L88: =IFERROR(__xludf.DUMMYFUNCTION("XLOOKUP($C88, IMPORTRANGE(""https://docs.google.com/spreadsheets/d/1RJrFMGUC-XijmB6MWr0bUJNzuN7BM1j8R_D0vOt0s8I/edit?usp=sharing"", ""'Master Data TK V0.2 (AUTO)'!F6:F""), IMPORTRANGE(""https://docs.google.com/spreadsheets/d/1RJrFMGUC-XijmB6MWr0bUJNzuN7BM"&"1j8R_D0vOt0s8I/edit?usp=sharing"", ""'Master Data TK V0.2 (AUTO)'!X6:X""))"),9.0) -> 9
A89: CRO 3 | B89: Regional Riau 2 | C89: PT Agro Wisata Industri | D89: KP-PMJ-02 | E89: {=XLOOKUP(C89,'DATA TK PANEN'!D:D,'DATA TK PANEN'!H:H)} -> 200.77 | F89: =IFERROR(__xludf.DUMMYFUNCTION("XLOOKUP(C89, IMPORTRANGE(""https://docs.google.com/spreadsheets/d/1RJrFMGUC-XijmB6MWr0bUJNzuN7BM1j8R_D0vOt0s8I/edit?usp=sharing"", ""'Master Data TK V0.2 (AUTO)'!F6:F""), IMPORTRANGE(""https://docs.google.com/spreadsheets/d/1RJrFMGUC-XijmB6MWr0bUJNzuN7BM1"&"j8R_D0vOt0s8I/edit?usp=sharing"", ""'Master Data TK V0.2 (AUTO)'!S6:S""))"),12.0) -> 12 | G89: =IFERROR(__xludf.DUMMYFUNCTION("XLOOKUP($C89, IMPORTRANGE(""https://docs.google.com/spreadsheets/d/1RJrFMGUC-XijmB6MWr0bUJNzuN7BM1j8R_D0vOt0s8I/edit?usp=sharing"", ""'Master Data TK V0.2 (AUTO)'!F6:F""), IMPORTRANGE(""https://docs.google.com/spreadsheets/d/1RJrFMGUC-XijmB6MWr0bUJNzuN7BM"&"1j8R_D0vOt0s8I/edit?usp=sharing"", ""'Master Data TK V0.2 (AUTO)'!T6:T""))"),8.0) -> 8 | H89: =IFERROR(__xludf.DUMMYFUNCTION("XLOOKUP($C89, IMPORTRANGE(""https://docs.google.com/spreadsheets/d/1RJrFMGUC-XijmB6MWr0bUJNzuN7BM1j8R_D0vOt0s8I/edit?usp=sharing"", ""'Master Data TK V0.2 (AUTO)'!F6:F""), IMPORTRANGE(""https://docs.google.com/spreadsheets/d/1RJrFMGUC-XijmB6MWr0bUJNzuN7BM"&"1j8R_D0vOt0s8I/edit?usp=sharing"", ""'Master Data TK V0.2 (AUTO)'!V6:V""))"),8.0) -> 8 | K89: =IFERROR(__xludf.DUMMYFUNCTION("XLOOKUP($C89, IMPORTRANGE(""https://docs.google.com/spreadsheets/d/1RJrFMGUC-XijmB6MWr0bUJNzuN7BM1j8R_D0vOt0s8I/edit?usp=sharing"", ""'Master Data TK V0.2 (AUTO)'!F6:F""), IMPORTRANGE(""https://docs.google.com/spreadsheets/d/1RJrFMGUC-XijmB6MWr0bUJNzuN7BM"&"1j8R_D0vOt0s8I/edit?usp=sharing"", ""'Master Data TK V0.2 (AUTO)'!W6:W""))"),10.0) -> 10 | L89: =IFERROR(__xludf.DUMMYFUNCTION("XLOOKUP($C89, IMPORTRANGE(""https://docs.google.com/spreadsheets/d/1RJrFMGUC-XijmB6MWr0bUJNzuN7BM1j8R_D0vOt0s8I/edit?usp=sharing"", ""'Master Data TK V0.2 (AUTO)'!F6:F""), IMPORTRANGE(""https://docs.google.com/spreadsheets/d/1RJrFMGUC-XijmB6MWr0bUJNzuN7BM"&"1j8R_D0vOt0s8I/edit?usp=sharing"", ""'Master Data TK V0.2 (AUTO)'!X6:X""))"),12.0) -> 12
A90: CRO 3 | B90: Regional Riau 2 | C90: PT Andika Permata Sawit Lestari (PT Kebun Kosmar Saudara Anton) | D90: PT-TPI-01 | E90: {=XLOOKUP(C90,'DATA TK PANEN'!D:D,'DATA TK PANEN'!H:H)} -> 423 | F90: =IFERROR(__xludf.DUMMYFUNCTION("XLOOKUP(C90, IMPORTRANGE(""https://docs.google.com/spreadsheets/d/1RJrFMGUC-XijmB6MWr0bUJNzuN7BM1j8R_D0vOt0s8I/edit?usp=sharing"", ""'Master Data TK V0.2 (AUTO)'!F6:F""), IMPORTRANGE(""https://docs.google.com/spreadsheets/d/1RJrFMGUC-XijmB6MWr0bUJNzuN7BM1"&"j8R_D0vOt0s8I/edit?usp=sharing"", ""'Master Data TK V0.2 (AUTO)'!S6:S""))"),25.0) -> 25 | G90: =IFERROR(__xludf.DUMMYFUNCTION("XLOOKUP($C90, IMPORTRANGE(""https://docs.google.com/spreadsheets/d/1RJrFMGUC-XijmB6MWr0bUJNzuN7BM1j8R_D0vOt0s8I/edit?usp=sharing"", ""'Master Data TK V0.2 (AUTO)'!F6:F""), IMPORTRANGE(""https://docs.google.com/spreadsheets/d/1RJrFMGUC-XijmB6MWr0bUJNzuN7BM"&"1j8R_D0vOt0s8I/edit?usp=sharing"", ""'Master Data TK V0.2 (AUTO)'!T6:T""))"),6.0) -> 6 | H90: =IFERROR(__xludf.DUMMYFUNCTION("XLOOKUP($C90, IMPORTRANGE(""https://docs.google.com/spreadsheets/d/1RJrFMGUC-XijmB6MWr0bUJNzuN7BM1j8R_D0vOt0s8I/edit?usp=sharing"", ""'Master Data TK V0.2 (AUTO)'!F6:F""), IMPORTRANGE(""https://docs.google.com/spreadsheets/d/1RJrFMGUC-XijmB6MWr0bUJNzuN7BM"&"1j8R_D0vOt0s8I/edit?usp=sharing"", ""'Master Data TK V0.2 (AUTO)'!V6:V""))"),20.0) -> 20 | K90: =IFERROR(__xludf.DUMMYFUNCTION("XLOOKUP($C90, IMPORTRANGE(""https://docs.google.com/spreadsheets/d/1RJrFMGUC-XijmB6MWr0bUJNzuN7BM1j8R_D0vOt0s8I/edit?usp=sharing"", ""'Master Data TK V0.2 (AUTO)'!F6:F""), IMPORTRANGE(""https://docs.google.com/spreadsheets/d/1RJrFMGUC-XijmB6MWr0bUJNzuN7BM"&"1j8R_D0vOt0s8I/edit?usp=sharing"", ""'Master Data TK V0.2 (AUTO)'!W6:W""))"),3.0) -> 3 | L90: =IFERROR(__xludf.DUMMYFUNCTION("XLOOKUP($C90, IMPORTRANGE(""https://docs.google.com/spreadsheets/d/1RJrFMGUC-XijmB6MWr0bUJNzuN7BM1j8R_D0vOt0s8I/edit?usp=sharing"", ""'Master Data TK V0.2 (AUTO)'!F6:F""), IMPORTRANGE(""https://docs.google.com/spreadsheets/d/1RJrFMGUC-XijmB6MWr0bUJNzuN7BM"&"1j8R_D0vOt0s8I/edit?usp=sharing"", ""'Master Data TK V0.2 (AUTO)'!X6:X""))"),2.0) -> 2
A91: CRO 3 | B91: Regional Riau 2 | C91: PT Aneka Inti Persada | D91: PT-AIP-01 | E91: {=XLOOKUP(C91,'DATA TK PANEN'!D:D,'DATA TK PANEN'!H:H)} -> 33 | F91: =IFERROR(__xludf.DUMMYFUNCTION("XLOOKUP(C91, IMPORTRANGE(""https://docs.google.com/spreadsheets/d/1RJrFMGUC-XijmB6MWr0bUJNzuN7BM1j8R_D0vOt0s8I/edit?usp=sharing"", ""'Master Data TK V0.2 (AUTO)'!F6:F""), IMPORTRANGE(""https://docs.google.com/spreadsheets/d/1RJrFMGUC-XijmB6MWr0bUJNzuN7BM1"&"j8R_D0vOt0s8I/edit?usp=sharing"", ""'Master Data TK V0.2 (AUTO)'!S6:S""))"),"-") -> - | G91: =IFERROR(__xludf.DUMMYFUNCTION("XLOOKUP($C91, IMPORTRANGE(""https://docs.google.com/spreadsheets/d/1RJrFMGUC-XijmB6MWr0bUJNzuN7BM1j8R_D0vOt0s8I/edit?usp=sharing"", ""'Master Data TK V0.2 (AUTO)'!F6:F""), IMPORTRANGE(""https://docs.google.com/spreadsheets/d/1RJrFMGUC-XijmB6MWr0bUJNzuN7BM"&"1j8R_D0vOt0s8I/edit?usp=sharing"", ""'Master Data TK V0.2 (AUTO)'!T6:T""))"),"-") -> - | H91: =IFERROR(__xludf.DUMMYFUNCTION("XLOOKUP($C91, IMPORTRANGE(""https://docs.google.com/spreadsheets/d/1RJrFMGUC-XijmB6MWr0bUJNzuN7BM1j8R_D0vOt0s8I/edit?usp=sharing"", ""'Master Data TK V0.2 (AUTO)'!F6:F""), IMPORTRANGE(""https://docs.google.com/spreadsheets/d/1RJrFMGUC-XijmB6MWr0bUJNzuN7BM"&"1j8R_D0vOt0s8I/edit?usp=sharing"", ""'Master Data TK V0.2 (AUTO)'!V6:V""))"),"") | K91: =IFERROR(__xludf.DUMMYFUNCTION("XLOOKUP($C91, IMPORTRANGE(""https://docs.google.com/spreadsheets/d/1RJrFMGUC-XijmB6MWr0bUJNzuN7BM1j8R_D0vOt0s8I/edit?usp=sharing"", ""'Master Data TK V0.2 (AUTO)'!F6:F""), IMPORTRANGE(""https://docs.google.com/spreadsheets/d/1RJrFMGUC-XijmB6MWr0bUJNzuN7BM"&"1j8R_D0vOt0s8I/edit?usp=sharing"", ""'Master Data TK V0.2 (AUTO)'!W6:W""))"),0.0) -> 0 | L91: =IFERROR(__xludf.DUMMYFUNCTION("XLOOKUP($C91, IMPORTRANGE(""https://docs.google.com/spreadsheets/d/1RJrFMGUC-XijmB6MWr0bUJNzuN7BM1j8R_D0vOt0s8I/edit?usp=sharing"", ""'Master Data TK V0.2 (AUTO)'!F6:F""), IMPORTRANGE(""https://docs.google.com/spreadsheets/d/1RJrFMGUC-XijmB6MWr0bUJNzuN7BM"&"1j8R_D0vOt0s8I/edit?usp=sharing"", ""'Master Data TK V0.2 (AUTO)'!X6:X""))"),0.0) -> 0
A92: CRO 3 | B92: Regional Riau 2 | C92: PT Anugerah Tuah Mulya Perkasa | D92: PT-ATM-01 | E92: {=XLOOKUP(C92,'DATA TK PANEN'!D:D,'DATA TK PANEN'!H:H)} -> 1855.53 | F92: =IFERROR(__xludf.DUMMYFUNCTION("XLOOKUP(C92, IMPORTRANGE(""https://docs.google.com/spreadsheets/d/1RJrFMGUC-XijmB6MWr0bUJNzuN7BM1j8R_D0vOt0s8I/edit?usp=sharing"", ""'Master Data TK V0.2 (AUTO)'!F6:F""), IMPORTRANGE(""https://docs.google.com/spreadsheets/d/1RJrFMGUC-XijmB6MWr0bUJNzuN7BM1"&"j8R_D0vOt0s8I/edit?usp=sharing"", ""'Master Data TK V0.2 (AUTO)'!S6:S""))"),98.0) -> 98 | G92: =IFERROR(__xludf.DUMMYFUNCTION("XLOOKUP($C92, IMPORTRANGE(""https://docs.google.com/spreadsheets/d/1RJrFMGUC-XijmB6MWr0bUJNzuN7BM1j8R_D0vOt0s8I/edit?usp=sharing"", ""'Master Data TK V0.2 (AUTO)'!F6:F""), IMPORTRANGE(""https://docs.google.com/spreadsheets/d/1RJrFMGUC-XijmB6MWr0bUJNzuN7BM"&"1j8R_D0vOt0s8I/edit?usp=sharing"", ""'Master Data TK V0.2 (AUTO)'!T6:T""))"),140.0) -> 140 | H92: =IFERROR(__xludf.DUMMYFUNCTION("XLOOKUP($C92, IMPORTRANGE(""https://docs.google.com/spreadsheets/d/1RJrFMGUC-XijmB6MWr0bUJNzuN7BM1j8R_D0vOt0s8I/edit?usp=sharing"", ""'Master Data TK V0.2 (AUTO)'!F6:F""), IMPORTRANGE(""https://docs.google.com/spreadsheets/d/1RJrFMGUC-XijmB6MWr0bUJNzuN7BM"&"1j8R_D0vOt0s8I/edit?usp=sharing"", ""'Master Data TK V0.2 (AUTO)'!V6:V""))"),198.0) -> 198 | K92: =IFERROR(__xludf.DUMMYFUNCTION("XLOOKUP($C92, IMPORTRANGE(""https://docs.google.com/spreadsheets/d/1RJrFMGUC-XijmB6MWr0bUJNzuN7BM1j8R_D0vOt0s8I/edit?usp=sharing"", ""'Master Data TK V0.2 (AUTO)'!F6:F""), IMPORTRANGE(""https://docs.google.com/spreadsheets/d/1RJrFMGUC-XijmB6MWr0bUJNzuN7BM"&"1j8R_D0vOt0s8I/edit?usp=sharing"", ""'Master Data TK V0.2 (AUTO)'!W6:W""))"),0.0) -> 0 | L92: =IFERROR(__xludf.DUMMYFUNCTION("XLOOKUP($C92, IMPORTRANGE(""https://docs.google.com/spreadsheets/d/1RJrFMGUC-XijmB6MWr0bUJNzuN7BM1j8R_D0vOt0s8I/edit?usp=sharing"", ""'Master Data TK V0.2 (AUTO)'!F6:F""), IMPORTRANGE(""https://docs.google.com/spreadsheets/d/1RJrFMGUC-XijmB6MWr0bUJNzuN7BM"&"1j8R_D0vOt0s8I/edit?usp=sharing"", ""'Master Data TK V0.2 (AUTO)'!X6:X""))"),0.0) -> 0
A93: CRO 3 | B93: Regional Riau 2 | C93: PT Apsl Rayon 1 | D93: PT-SSS-01 | E93: {=XLOOKUP(C93,'DATA TK PANEN'!D:D,'DATA TK PANEN'!H:H)} -> 3663.17 | F93: =IFERROR(__xludf.DUMMYFUNCTION("XLOOKUP(C93, IMPORTRANGE(""https://docs.google.com/spreadsheets/d/1RJrFMGUC-XijmB6MWr0bUJNzuN7BM1j8R_D0vOt0s8I/edit?usp=sharing"", ""'Master Data TK V0.2 (AUTO)'!F6:F""), IMPORTRANGE(""https://docs.google.com/spreadsheets/d/1RJrFMGUC-XijmB6MWr0bUJNzuN7BM1"&"j8R_D0vOt0s8I/edit?usp=sharing"", ""'Master Data TK V0.2 (AUTO)'!S6:S""))"),"-") -> - | G93: =IFERROR(__xludf.DUMMYFUNCTION("XLOOKUP($C93, IMPORTRANGE(""https://docs.google.com/spreadsheets/d/1RJrFMGUC-XijmB6MWr0bUJNzuN7BM1j8R_D0vOt0s8I/edit?usp=sharing"", ""'Master Data TK V0.2 (AUTO)'!F6:F""), IMPORTRANGE(""https://docs.google.com/spreadsheets/d/1RJrFMGUC-XijmB6MWr0bUJNzuN7BM"&"1j8R_D0vOt0s8I/edit?usp=sharing"", ""'Master Data TK V0.2 (AUTO)'!T6:T""))"),"-") -> - | H93: =IFERROR(__xludf.DUMMYFUNCTION("XLOOKUP($C93, IMPORTRANGE(""https://docs.google.com/spreadsheets/d/1RJrFMGUC-XijmB6MWr0bUJNzuN7BM1j8R_D0vOt0s8I/edit?usp=sharing"", ""'Master Data TK V0.2 (AUTO)'!F6:F""), IMPORTRANGE(""https://docs.google.com/spreadsheets/d/1RJrFMGUC-XijmB6MWr0bUJNzuN7BM"&"1j8R_D0vOt0s8I/edit?usp=sharing"", ""'Master Data TK V0.2 (AUTO)'!V6:V""))"),"") | K93: =IFERROR(__xludf.DUMMYFUNCTION("XLOOKUP($C93, IMPORTRANGE(""https://docs.google.com/spreadsheets/d/1RJrFMGUC-XijmB6MWr0bUJNzuN7BM1j8R_D0vOt0s8I/edit?usp=sharing"", ""'Master Data TK V0.2 (AUTO)'!F6:F""), IMPORTRANGE(""https://docs.google.com/spreadsheets/d/1RJrFMGUC-XijmB6MWr0bUJNzuN7BM"&"1j8R_D0vOt0s8I/edit?usp=sharing"", ""'Master Data TK V0.2 (AUTO)'!W6:W""))"),0.0) -> 0 | L93: =IFERROR(__xludf.DUMMYFUNCTION("XLOOKUP($C93, IMPORTRANGE(""https://docs.google.com/spreadsheets/d/1RJrFMGUC-XijmB6MWr0bUJNzuN7BM1j8R_D0vOt0s8I/edit?usp=sharing"", ""'Master Data TK V0.2 (AUTO)'!F6:F""), IMPORTRANGE(""https://docs.google.com/spreadsheets/d/1RJrFMGUC-XijmB6MWr0bUJNzuN7BM"&"1j8R_D0vOt0s8I/edit?usp=sharing"", ""'Master Data TK V0.2 (AUTO)'!X6:X""))"),0.0) -> 0
A94: CRO 3 | B94: Regional Riau 2 | C94: PT Apsl Rayon 2 (Kelompok Tani Nelayan Andalan) | D94: PT-AR2-01 | E94: {=XLOOKUP(C94,'DATA TK PANEN'!D:D,'DATA TK PANEN'!H:H)} -> Tidak Ditemukan | F94: =IFERROR(__xludf.DUMMYFUNCTION("XLOOKUP(C94, IMPORTRANGE(""https://docs.google.com/spreadsheets/d/1RJrFMGUC-XijmB6MWr0bUJNzuN7BM1j8R_D0vOt0s8I/edit?usp=sharing"", ""'Master Data TK V0.2 (AUTO)'!F6:F""), IMPORTRANGE(""https://docs.google.com/spreadsheets/d/1RJrFMGUC-XijmB6MWr0bUJNzuN7BM1"&"j8R_D0vOt0s8I/edit?usp=sharing"", ""'Master Data TK V0.2 (AUTO)'!S6:S""))"),"-") -> - | G94: =IFERROR(__xludf.DUMMYFUNCTION("XLOOKUP($C94, IMPORTRANGE(""https://docs.google.com/spreadsheets/d/1RJrFMGUC-XijmB6MWr0bUJNzuN7BM1j8R_D0vOt0s8I/edit?usp=sharing"", ""'Master Data TK V0.2 (AUTO)'!F6:F""), IMPORTRANGE(""https://docs.google.com/spreadsheets/d/1RJrFMGUC-XijmB6MWr0bUJNzuN7BM"&"1j8R_D0vOt0s8I/edit?usp=sharing"", ""'Master Data TK V0.2 (AUTO)'!T6:T""))"),"-") -> - | H94: =IFERROR(__xludf.DUMMYFUNCTION("XLOOKUP($C94, IMPORTRANGE(""https://docs.google.com/spreadsheets/d/1RJrFMGUC-XijmB6MWr0bUJNzuN7BM1j8R_D0vOt0s8I/edit?usp=sharing"", ""'Master Data TK V0.2 (AUTO)'!F6:F""), IMPORTRANGE(""https://docs.google.com/spreadsheets/d/1RJrFMGUC-XijmB6MWr0bUJNzuN7BM"&"1j8R_D0vOt0s8I/edit?usp=sharing"", ""'Master Data TK V0.2 (AUTO)'!V6:V""))"),"") | K94: =IFERROR(__xludf.DUMMYFUNCTION("XLOOKUP($C94, IMPORTRANGE(""https://docs.google.com/spreadsheets/d/1RJrFMGUC-XijmB6MWr0bUJNzuN7BM1j8R_D0vOt0s8I/edit?usp=sharing"", ""'Master Data TK V0.2 (AUTO)'!F6:F""), IMPORTRANGE(""https://docs.google.com/spreadsheets/d/1RJrFMGUC-XijmB6MWr0bUJNzuN7BM"&"1j8R_D0vOt0s8I/edit?usp=sharing"", ""'Master Data TK V0.2 (AUTO)'!W6:W""))"),0.0) -> 0 | L94: =IFERROR(__xludf.DUMMYFUNCTION("XLOOKUP($C94, IMPORTRANGE(""https://docs.google.com/spreadsheets/d/1RJrFMGUC-XijmB6MWr0bUJNzuN7BM1j8R_D0vOt0s8I/edit?usp=sharing"", ""'Master Data TK V0.2 (AUTO)'!F6:F""), IMPORTRANGE(""https://docs.google.com/spreadsheets/d/1RJrFMGUC-XijmB6MWr0bUJNzuN7BM"&"1j8R_D0vOt0s8I/edit?usp=sharing"", ""'Master Data TK V0.2 (AUTO)'!X6:X""))"),0.0) -> 0
A95: CRO 3 | B95: Regional Riau 2 | C95: PT Apsl Rayon 3 ( Poktan Maju Bersama) | D95: KP-PMB-02 | E95: {=XLOOKUP(C95,'DATA TK PANEN'!D:D,'DATA TK PANEN'!H:H)} -> 2855.8 | F95: =IFERROR(__xludf.DUMMYFUNCTION("XLOOKUP(C95, IMPORTRANGE(""https://docs.google.com/spreadsheets/d/1RJrFMGUC-XijmB6MWr0bUJNzuN7BM1j8R_D0vOt0s8I/edit?usp=sharing"", ""'Master Data TK V0.2 (AUTO)'!F6:F""), IMPORTRANGE(""https://docs.google.com/spreadsheets/d/1RJrFMGUC-XijmB6MWr0bUJNzuN7BM1"&"j8R_D0vOt0s8I/edit?usp=sharing"", ""'Master Data TK V0.2 (AUTO)'!S6:S""))"),"-") -> - | G95: =IFERROR(__xludf.DUMMYFUNCTION("XLOOKUP($C95, IMPORTRANGE(""https://docs.google.com/spreadsheets/d/1RJrFMGUC-XijmB6MWr0bUJNzuN7BM1j8R_D0vOt0s8I/edit?usp=sharing"", ""'Master Data TK V0.2 (AUTO)'!F6:F""), IMPORTRANGE(""https://docs.google.com/spreadsheets/d/1RJrFMGUC-XijmB6MWr0bUJNzuN7BM"&"1j8R_D0vOt0s8I/edit?usp=sharing"", ""'Master Data TK V0.2 (AUTO)'!T6:T""))"),"-") -> - | H95: =IFERROR(__xludf.DUMMYFUNCTION("XLOOKUP($C95, IMPORTRANGE(""https://docs.google.com/spreadsheets/d/1RJrFMGUC-XijmB6MWr0bUJNzuN7BM1j8R_D0vOt0s8I/edit?usp=sharing"", ""'Master Data TK V0.2 (AUTO)'!F6:F""), IMPORTRANGE(""https://docs.google.com/spreadsheets/d/1RJrFMGUC-XijmB6MWr0bUJNzuN7BM"&"1j8R_D0vOt0s8I/edit?usp=sharing"", ""'Master Data TK V0.2 (AUTO)'!V6:V""))"),"") | K95: =IFERROR(__xludf.DUMMYFUNCTION("XLOOKUP($C95, IMPORTRANGE(""https://docs.google.com/spreadsheets/d/1RJrFMGUC-XijmB6MWr0bUJNzuN7BM1j8R_D0vOt0s8I/edit?usp=sharing"", ""'Master Data TK V0.2 (AUTO)'!F6:F""), IMPORTRANGE(""https://docs.google.com/spreadsheets/d/1RJrFMGUC-XijmB6MWr0bUJNzuN7BM"&"1j8R_D0vOt0s8I/edit?usp=sharing"", ""'Master Data TK V0.2 (AUTO)'!W6:W""))"),0.0) -> 0 | L95: =IFERROR(__xludf.DUMMYFUNCTION("XLOOKUP($C95, IMPORTRANGE(""https://docs.google.com/spreadsheets/d/1RJrFMGUC-XijmB6MWr0bUJNzuN7BM1j8R_D0vOt0s8I/edit?usp=sharing"", ""'Master Data TK V0.2 (AUTO)'!F6:F""), IMPORTRANGE(""https://docs.google.com/spreadsheets/d/1RJrFMGUC-XijmB6MWr0bUJNzuN7BM"&"1j8R_D0vOt0s8I/edit?usp=sharing"", ""'Master Data TK V0.2 (AUTO)'!X6:X""))"),0.0) -> 0
A96: CRO 3 | B96: Regional Riau 2 | C96: PT Arindo Trisejahtera | D96: PT-ATR-01 | E96: {=XLOOKUP(C96,'DATA TK PANEN'!D:D,'DATA TK PANEN'!H:H)} -> 10.6 | F96: =IFERROR(__xludf.DUMMYFUNCTION("XLOOKUP(C96, IMPORTRANGE(""https://docs.google.com/spreadsheets/d/1RJrFMGUC-XijmB6MWr0bUJNzuN7BM1j8R_D0vOt0s8I/edit?usp=sharing"", ""'Master Data TK V0.2 (AUTO)'!F6:F""), IMPORTRANGE(""https://docs.google.com/spreadsheets/d/1RJrFMGUC-XijmB6MWr0bUJNzuN7BM1"&"j8R_D0vOt0s8I/edit?usp=sharing"", ""'Master Data TK V0.2 (AUTO)'!S6:S""))"),"-") -> - | G96: =IFERROR(__xludf.DUMMYFUNCTION("XLOOKUP($C96, IMPORTRANGE(""https://docs.google.com/spreadsheets/d/1RJrFMGUC-XijmB6MWr0bUJNzuN7BM1j8R_D0vOt0s8I/edit?usp=sharing"", ""'Master Data TK V0.2 (AUTO)'!F6:F""), IMPORTRANGE(""https://docs.google.com/spreadsheets/d/1RJrFMGUC-XijmB6MWr0bUJNzuN7BM"&"1j8R_D0vOt0s8I/edit?usp=sharing"", ""'Master Data TK V0.2 (AUTO)'!T6:T""))"),"-") -> - | H96: =IFERROR(__xludf.DUMMYFUNCTION("XLOOKUP($C96, IMPORTRANGE(""https://docs.google.com/spreadsheets/d/1RJrFMGUC-XijmB6MWr0bUJNzuN7BM1j8R_D0vOt0s8I/edit?usp=sharing"", ""'Master Data TK V0.2 (AUTO)'!F6:F""), IMPORTRANGE(""https://docs.google.com/spreadsheets/d/1RJrFMGUC-XijmB6MWr0bUJNzuN7BM"&"1j8R_D0vOt0s8I/edit?usp=sharing"", ""'Master Data TK V0.2 (AUTO)'!V6:V""))"),"") | K96: =IFERROR(__xludf.DUMMYFUNCTION("XLOOKUP($C96, IMPORTRANGE(""https://docs.google.com/spreadsheets/d/1RJrFMGUC-XijmB6MWr0bUJNzuN7BM1j8R_D0vOt0s8I/edit?usp=sharing"", ""'Master Data TK V0.2 (AUTO)'!F6:F""), IMPORTRANGE(""https://docs.google.com/spreadsheets/d/1RJrFMGUC-XijmB6MWr0bUJNzuN7BM"&"1j8R_D0vOt0s8I/edit?usp=sharing"", ""'Master Data TK V0.2 (AUTO)'!W6:W""))"),0.0) -> 0 | L96: =IFERROR(__xludf.DUMMYFUNCTION("XLOOKUP($C96, IMPORTRANGE(""https://docs.google.com/spreadsheets/d/1RJrFMGUC-XijmB6MWr0bUJNzuN7BM1j8R_D0vOt0s8I/edit?usp=sharing"", ""'Master Data TK V0.2 (AUTO)'!F6:F""), IMPORTRANGE(""https://docs.google.com/spreadsheets/d/1RJrFMGUC-XijmB6MWr0bUJNzuN7BM"&"1j8R_D0vOt0s8I/edit?usp=sharing"", ""'Master Data TK V0.2 (AUTO)'!X6:X""))"),0.0) -> 0
A97: CRO 3 | B97: Regional Riau 2 | C97: PT Armada Putra | D97: KP-PRS-01 | E97: {=XLOOKUP(C97,'DATA TK PANEN'!D:D,'DATA TK PANEN'!H:H)} -> 238.54 | F97: =IFERROR(__xludf.DUMMYFUNCTION("XLOOKUP(C97, IMPORTRANGE(""https://docs.google.com/spreadsheets/d/1RJrFMGUC-XijmB6MWr0bUJNzuN7BM1j8R_D0vOt0s8I/edit?usp=sharing"", ""'Master Data TK V0.2 (AUTO)'!F6:F""), IMPORTRANGE(""https://docs.google.com/spreadsheets/d/1RJrFMGUC-XijmB6MWr0bUJNzuN7BM1"&"j8R_D0vOt0s8I/edit?usp=sharing"", ""'Master Data TK V0.2 (AUTO)'!S6:S""))"),4.0) -> 4 | G97: =IFERROR(__xludf.DUMMYFUNCTION("XLOOKUP($C97, IMPORTRANGE(""https://docs.google.com/spreadsheets/d/1RJrFMGUC-XijmB6MWr0bUJNzuN7BM1j8R_D0vOt0s8I/edit?usp=sharing"", ""'Master Data TK V0.2 (AUTO)'!F6:F""), IMPORTRANGE(""https://docs.google.com/spreadsheets/d/1RJrFMGUC-XijmB6MWr0bUJNzuN7BM"&"1j8R_D0vOt0s8I/edit?usp=sharing"", ""'Master Data TK V0.2 (AUTO)'!T6:T""))"),4.0) -> 4 | H97: =IFERROR(__xludf.DUMMYFUNCTION("XLOOKUP($C97, IMPORTRANGE(""https://docs.google.com/spreadsheets/d/1RJrFMGUC-XijmB6MWr0bUJNzuN7BM1j8R_D0vOt0s8I/edit?usp=sharing"", ""'Master Data TK V0.2 (AUTO)'!F6:F""), IMPORTRANGE(""https://docs.google.com/spreadsheets/d/1RJrFMGUC-XijmB6MWr0bUJNzuN7BM"&"1j8R_D0vOt0s8I/edit?usp=sharing"", ""'Master Data TK V0.2 (AUTO)'!V6:V""))"),6.0) -> 6 | K97: =IFERROR(__xludf.DUMMYFUNCTION("XLOOKUP($C97, IMPORTRANGE(""https://docs.google.com/spreadsheets/d/1RJrFMGUC-XijmB6MWr0bUJNzuN7BM1j8R_D0vOt0s8I/edit?usp=sharing"", ""'Master Data TK V0.2 (AUTO)'!F6:F""), IMPORTRANGE(""https://docs.google.com/spreadsheets/d/1RJrFMGUC-XijmB6MWr0bUJNzuN7BM"&"1j8R_D0vOt0s8I/edit?usp=sharing"", ""'Master Data TK V0.2 (AUTO)'!W6:W""))"),0.0) -> 0 | L97: =IFERROR(__xludf.DUMMYFUNCTION("XLOOKUP($C97, IMPORTRANGE(""https://docs.google.com/spreadsheets/d/1RJrFMGUC-XijmB6MWr0bUJNzuN7BM1j8R_D0vOt0s8I/edit?usp=sharing"", ""'Master Data TK V0.2 (AUTO)'!F6:F""), IMPORTRANGE(""https://docs.google.com/spreadsheets/d/1RJrFMGUC-XijmB6MWr0bUJNzuN7BM"&"1j8R_D0vOt0s8I/edit?usp=sharing"", ""'Master Data TK V0.2 (AUTO)'!X6:X""))"),0.0) -> 0
